ID,resname,resid,x_1,y_1,z_1,x_2,y_2,z_2,x_3,y_3,z_3,x_4,y_4,z_4,x_5,y_5,z_5
9EBP_1,G,1,86.309118,7.589385,13.465896,86.309118,7.589385,13.465896,86.309118,7.589385,13.465896,86.309118,7.589385,13.465896,86.309118,7.589385,13.465896
9EBP_2,G,2,90.940544,10.769574,14.319846,90.940544,10.769574,14.319846,90.940544,10.769574,14.319846,90.940544,10.769574,14.319846,90.940544,10.769574,14.319846
9EBP_3,A,3,98.382569,18.420291,9.675623,98.382569,18.420291,9.675623,98.382569,18.420291,9.675623,98.382569,18.420291,9.675623,98.382569,18.420291,9.675623
9EBP_4,U,4,93.890257,14.940131,8.246228,93.890257,14.940131,8.246228,93.890257,14.940131,8.246228,93.890257,14.940131,8.246228,93.890257,14.940131,8.246228
9EBP_5,G,5,90.548196,11.054117,10.024437,90.548196,11.054117,10.024437,90.548196,11.054117,10.024437,90.548196,11.054117,10.024437,90.548196,11.054117,10.024437
9EBP_6,A,6,88.320072,8.145097,13.737335,88.320072,8.145097,13.737335,88.320072,8.145097,13.737335,88.320072,8.145097,13.737335,88.320072,8.145097,13.737335
9EBP_7,A,7,87.936435,7.1348,18.847758,87.936435,7.1348,18.847758,87.936435,7.1348,18.847758,87.936435,7.1348,18.847758,87.936435,7.1348,18.847758
9EBP_8,A,8,88.323333,7.554593,24.538486,88.323333,7.554593,24.538486,88.323333,7.554593,24.538486,88.323333,7.554593,24.538486,88.323333,7.554593,24.538486
9EBP_9,A,9,86.021153,8.673459,29.423297,86.021153,8.673459,29.423297,86.021153,8.673459,29.423297,86.021153,8.673459,29.423297,86.021153,8.673459,29.423297
9EBP_10,A,10,83.740554,9.713999,36.963516,83.740554,9.713999,36.963516,83.740554,9.713999,36.963516,83.740554,9.713999,36.963516,83.740554,9.713999,36.963516
9EBP_11,A,11,82.325477,9.382808,36.99469,82.325477,9.382808,36.99469,82.325477,9.382808,36.99469,82.325477,9.382808,36.99469,82.325477,9.382808,36.99469
9EBP_12,C,12,80.132618,5.380386,44.221673,80.132618,5.380386,44.221673,80.132618,5.380386,44.221673,80.132618,5.380386,44.221673,80.132618,5.380386,44.221673
9EBP_13,A,13,75.745196,3.695366,46.390583,75.745196,3.695366,46.390583,75.745196,3.695366,46.390583,75.745196,3.695366,46.390583,75.745196,3.695366,46.390583
9EBP_14,C,14,71.444534,4.855541,43.762355,71.444534,4.855541,43.762355,71.444534,4.855541,43.762355,71.444534,4.855541,43.762355,71.444534,4.855541,43.762355
9EBP_15,G,15,69.119353,6.052058,38.956442,69.119353,6.052058,38.956442,69.119353,6.052058,38.956442,69.119353,6.052058,38.956442,69.119353,6.052058,38.956442
9EBP_16,A,16,64.294164,7.646713,34.358423,64.294164,7.646713,34.358423,64.294164,7.646713,34.358423,64.294164,7.646713,34.358423,64.294164,7.646713,34.358423
9EBP_17,U,17,65.323591,8.644884,29.721537,65.323591,8.644884,29.721537,65.323591,8.644884,29.721537,65.323591,8.644884,29.721537,65.323591,8.644884,29.721537
9EBP_18,U,18,66.458729,12.700934,26.531791,66.458729,12.700934,26.531791,66.458729,12.700934,26.531791,66.458729,12.700934,26.531791,66.458729,12.700934,26.531791
9EBP_19,C,19,68.090214,17.658394,24.590765,68.090214,17.658394,24.590765,68.090214,17.658394,24.590765,68.090214,17.658394,24.590765,68.090214,17.658394,24.590765
9EBP_20,G,20,70.68152,22.131429,26.357952,70.68152,22.131429,26.357952,70.68152,22.131429,26.357952,70.68152,22.131429,26.357952,70.68152,22.131429,26.357952
9EBP_21,G,21,74.40356,24.22874,29.225067,74.40356,24.22874,29.225067,74.40356,24.22874,29.225067,74.40356,24.22874,29.225067,74.40356,24.22874,29.225067
9EBP_22,U,22,78.528494,23.460036,32.147649,78.528494,23.460036,32.147649,78.528494,23.460036,32.147649,78.528494,23.460036,32.147649,78.528494,23.460036,32.147649
9EBP_23,U,23,84.112944,21.240679,30.681959,84.112944,21.240679,30.681959,84.112944,21.240679,30.681959,84.112944,21.240679,30.681959,84.112944,21.240679,30.681959
9EBP_24,G,24,87.392563,21.977383,45.260355,87.392563,21.977383,45.260355,87.392563,21.977383,45.260355,87.392563,21.977383,45.260355,87.392563,21.977383,45.260355
9EBP_25,G,25,84.83068,23.182594,40.886706,84.83068,23.182594,40.886706,84.83068,23.182594,40.886706,84.83068,23.182594,40.886706,84.83068,23.182594,40.886706
9EBP_26,U,26,83.020465,14.363715,30.808062,83.020465,14.363715,30.808062,83.020465,14.363715,30.808062,83.020465,14.363715,30.808062,83.020465,14.363715,30.808062
9EBP_27,A,27,77.044181,13.967185,32.872332,77.044181,13.967185,32.872332,77.044181,13.967185,32.872332,77.044181,13.967185,32.872332,77.044181,13.967185,32.872332
9EBP_28,G,28,70.487502,9.734855,34.528114,70.487502,9.734855,34.528114,70.487502,9.734855,34.528114,70.487502,9.734855,34.528114,70.487502,9.734855,34.528114
9EBP_29,U,29,73.19212,12.128941,39.625832,73.19212,12.128941,39.625832,73.19212,12.128941,39.625832,73.19212,12.128941,39.625832,73.19212,12.128941,39.625832
9EBP_30,C,30,75.458181,19.868175,38.933514,75.458181,19.868175,38.933514,75.458181,19.868175,38.933514,75.458181,19.868175,38.933514,75.458181,19.868175,38.933514
9EBP_31,C,31,71.909615,23.994359,35.894166,71.909615,23.994359,35.894166,71.909615,23.994359,35.894166,71.909615,23.994359,35.894166,71.909615,23.994359,35.894166
9EBP_32,G,32,67.418603,24.714996,32.497104,67.418603,24.714996,32.497104,67.418603,24.714996,32.497104,67.418603,24.714996,32.497104,67.418603,24.714996,32.497104
9EBP_33,G,33,63.960609,22.21116,29.527704,63.960609,22.21116,29.527704,63.960609,22.21116,29.527704,63.960609,22.21116,29.527704,63.960609,22.21116,29.527704
9EBP_34,A,34,61.376033,18.105279,27.407818,61.376033,18.105279,27.407818,61.376033,18.105279,27.407818,61.376033,18.105279,27.407818,61.376033,18.105279,27.407818
9EBP_35,U,35,59.442291,13.045104,27.454587,59.442291,13.045104,27.454587,59.442291,13.045104,27.454587,59.442291,13.045104,27.454587,59.442291,13.045104,27.454587
9EBP_36,G,36,57.35371,8.694387,29.304548,57.35371,8.694387,29.304548,57.35371,8.694387,29.304548,57.35371,8.694387,29.304548,57.35371,8.694387,29.304548
9EBP_37,C,37,55.886239,6.172458,33.6784,55.886239,6.172458,33.6784,55.886239,6.172458,33.6784,55.886239,6.172458,33.6784,55.886239,6.172458,33.6784
9EBP_38,C,38,53.607657,6.501029,38.818811,53.607657,6.501029,38.818811,53.607657,6.501029,38.818811,53.607657,6.501029,38.818811,53.607657,6.501029,38.818811
9EBP_39,G,39,59.298609,8.266372,32.113036,59.298609,8.266372,32.113036,59.298609,8.266372,32.113036,59.298609,8.266372,32.113036,59.298609,8.266372,32.113036
9EBP_40,A,40,55.149721,7.055409,29.845025,55.149721,7.055409,29.845025,55.149721,7.055409,29.845025,55.149721,7.055409,29.845025,55.149721,7.055409,29.845025
9EBP_41,A,41,45.543353,15.685212,41.458427,45.543353,15.685212,41.458427,45.543353,15.685212,41.458427,45.543353,15.685212,41.458427,45.543353,15.685212,41.458427
9EBP_42,A,42,50.202725,17.829003,43.340345,50.202725,17.829003,43.340345,50.202725,17.829003,43.340345,50.202725,17.829003,43.340345,50.202725,17.829003,43.340345
9EBP_43,G,43,52.924671,16.429233,42.811899,52.924671,16.429233,42.811899,52.924671,16.429233,42.811899,52.924671,16.429233,42.811899,52.924671,16.429233,42.811899
9EBP_44,G,44,56.825691,12.478779,42.362874,56.825691,12.478779,42.362874,56.825691,12.478779,42.362874,56.825691,12.478779,42.362874,56.825691,12.478779,42.362874
9EBP_45,U,45,60.628771,9.847918,39.344786,60.628771,9.847918,39.344786,60.628771,9.847918,39.344786,60.628771,9.847918,39.344786,60.628771,9.847918,39.344786
9EBP_46,C,46,65.351995,10.400713,46.122298,65.351995,10.400713,46.122298,65.351995,10.400713,46.122298,65.351995,10.400713,46.122298,65.351995,10.400713,46.122298
9EBP_47,A,47,68.41666,10.44561,49.859642,68.41666,10.44561,49.859642,68.41666,10.44561,49.859642,68.41666,10.44561,49.859642,68.41666,10.44561,49.859642
9EBP_48,G,48,73.525159,12.858953,47.274197,73.525159,12.858953,47.274197,73.525159,12.858953,47.274197,73.525159,12.858953,47.274197,73.525159,12.858953,47.274197
9EBP_49,U,49,77.721916,17.465024,42.886503,77.721916,17.465024,42.886503,77.721916,17.465024,42.886503,77.721916,17.465024,42.886503,77.721916,17.465024,42.886503
9EBP_50,A,50,75.885583,14.182164,50.791761,75.885583,14.182164,50.791761,75.885583,14.182164,50.791761,75.885583,14.182164,50.791761,75.885583,14.182164,50.791761
9EBP_51,A,51,79.861317,12.576793,52.893037,79.861317,12.576793,52.893037,79.861317,12.576793,52.893037,79.861317,12.576793,52.893037,79.861317,12.576793,52.893037
9EBP_52,C,52,85.73461,11.660908,52.532426,85.73461,11.660908,52.532426,85.73461,11.660908,52.532426,85.73461,11.660908,52.532426,85.73461,11.660908,52.532426
9EBP_53,C,53,90.046533,13.409891,50.610639,90.046533,13.409891,50.610639,90.046533,13.409891,50.610639,90.046533,13.409891,50.610639,90.046533,13.409891,50.610639
9EBP_54,U,54,93.093537,16.595775,47.658216,93.093537,16.595775,47.658216,93.093537,16.595775,47.658216,93.093537,16.595775,47.658216,93.093537,16.595775,47.658216
9EBP_55,U,55,94.29599,21.421519,45.934362,94.29599,21.421519,45.934362,94.29599,21.421519,45.934362,94.29599,21.421519,45.934362,94.29599,21.421519,45.934362
9EBP_56,C,56,93.174649,26.700472,45.336763,93.174649,26.700472,45.336763,93.174649,26.700472,45.336763,93.174649,26.700472,45.336763,93.174649,26.700472,45.336763
9EBP_57,C,57,90.910586,31.382253,46.959404,90.910586,31.382253,46.959404,90.910586,31.382253,46.959404,90.910586,31.382253,46.959404,90.910586,31.382253,46.959404
9EBP_58,A,58,89.024467,34.365582,51.24782,89.024467,34.365582,51.24782,89.024467,34.365582,51.24782,89.024467,34.365582,51.24782,89.024467,34.365582,51.24782
9EBP_59,C,59,89.110188,35.409977,56.214118,89.110188,35.409977,56.214118,89.110188,35.409977,56.214118,89.110188,35.409977,56.214118,89.110188,35.409977,56.214118
9EBP_60,G,60,91.137453,34.546525,61.790496,91.137453,34.546525,61.790496,91.137453,34.546525,61.790496,91.137453,34.546525,61.790496,91.137453,34.546525,61.790496
9EBP_61,A,61,97.015768,34.768949,66.265746,97.015768,34.768949,66.265746,97.015768,34.768949,66.265746,97.015768,34.768949,66.265746,97.015768,34.768949,66.265746
9EBP_62,A,62,95.309902,30.245435,66.288207,95.309902,30.245435,66.288207,95.309902,30.245435,66.288207,95.309902,30.245435,66.288207,95.309902,30.245435,66.288207
9EBP_63,A,63,92.287078,25.49297,66.413584,92.287078,25.49297,66.413584,92.287078,25.49297,66.413584,92.287078,25.49297,66.413584,92.287078,25.49297,66.413584
9EBP_64,G,64,89.268275,26.280722,62.772492,89.268275,26.280722,62.772492,89.268275,26.280722,62.772492,89.268275,26.280722,62.772492,89.268275,26.280722,62.772492
9EBP_65,U,65,84.985092,28.786107,59.143991,84.985092,28.786107,59.143991,84.985092,28.786107,59.143991,84.985092,28.786107,59.143991,84.985092,28.786107,59.143991
9EBP_66,G,66,83.355923,29.699311,54.14199,83.355923,29.699311,54.14199,83.355923,29.699311,54.14199,83.355923,29.699311,54.14199,83.355923,29.699311,54.14199
9EBP_67,G,67,83.466422,29.277294,48.880442,83.466422,29.277294,48.880442,83.466422,29.277294,48.880442,83.466422,29.277294,48.880442,83.466422,29.277294,48.880442
9EBP_68,A,68,85.003814,27.086013,45.190366,85.003814,27.086013,45.190366,85.003814,27.086013,45.190366,85.003814,27.086013,45.190366,85.003814,27.086013,45.190366
9EBP_69,U,69,88.409535,23.087216,43.163804,88.409535,23.087216,43.163804,88.409535,23.087216,43.163804,88.409535,23.087216,43.163804,88.409535,23.087216,43.163804
9EBP_70,G,70,90.358297,18.324831,41.90587,90.358297,18.324831,41.90587,90.358297,18.324831,41.90587,90.358297,18.324831,41.90587,90.358297,18.324831,41.90587
9EBP_71,U,71,89.81188,12.558465,40.954384,89.81188,12.558465,40.954384,89.81188,12.558465,40.954384,89.81188,12.558465,40.954384,89.81188,12.558465,40.954384
9EBP_72,C,72,87.170709,9.647734,34.854796,87.170709,9.647734,34.854796,87.170709,9.647734,34.854796,87.170709,9.647734,34.854796,87.170709,9.647734,34.854796
9EBP_73,C,73,89.457367,10.327901,29.528359,89.457367,10.327901,29.528359,89.457367,10.327901,29.528359,89.457367,10.327901,29.528359,89.457367,10.327901,29.528359
9EBP_74,A,74,93.282586,12.692764,27.012522,93.282586,12.692764,27.012522,93.282586,12.692764,27.012522,93.282586,12.692764,27.012522,93.282586,12.692764,27.012522
9EBP_75,U,75,93.949776,7.394631,22.392458,93.949776,7.394631,22.392458,93.949776,7.394631,22.392458,93.949776,7.394631,22.392458,93.949776,7.394631,22.392458
9EBP_76,C,76,94.654797,5.127078,17.474783,94.654797,5.127078,17.474783,94.654797,5.127078,17.474783,94.654797,5.127078,17.474783,94.654797,5.127078,17.474783
9EBP_77,A,77,95.708729,5.497881,12.271324,95.708729,5.497881,12.271324,95.708729,5.497881,12.271324,95.708729,5.497881,12.271324,95.708729,5.497881,12.271324
9EBP_78,U,78,97.342737,7.774091,7.868424,97.342737,7.774091,7.868424,97.342737,7.774091,7.868424,97.342737,7.774091,7.868424,97.342737,7.774091,7.868424
9EBP_79,C,79,100.245699,12.213426,5.431762,100.245699,12.213426,5.431762,100.245699,12.213426,5.431762,100.245699,12.213426,5.431762,100.245699,12.213426,5.431762
9EBP_80,C,80,104.201608,15.699358,5.935103,104.201608,15.699358,5.935103,104.201608,15.699358,5.935103,104.201608,15.699358,5.935103,104.201608,15.699358,5.935103
9EBP_81,A,81,109.058543,17.360921,7.776417,109.058543,17.360921,7.776417,109.058543,17.360921,7.776417,109.058543,17.360921,7.776417,109.058543,17.360921,7.776417
9CFN_1,A,1,28.39696,-12.265424,33.974581,28.39696,-12.265424,33.974581,28.39696,-12.265424,33.974581,28.39696,-12.265424,33.974581,28.39696,-12.265424,33.974581
9CFN_2,A,2,26.059985,-7.80605,32.544583,26.059985,-7.80605,32.544583,26.059985,-7.80605,32.544583,26.059985,-7.80605,32.544583,26.059985,-7.80605,32.544583
9CFN_3,G,3,26.590382,-2.625256,33.154553,26.590382,-2.625256,33.154553,26.590382,-2.625256,33.154553,26.590382,-2.625256,33.154553,26.590382,-2.625256,33.154553
9CFN_4,U,4,29.607724,1.832232,33.935656,29.607724,1.832232,33.935656,29.607724,1.832232,33.935656,29.607724,1.832232,33.935656,29.607724,1.832232,33.935656
9CFN_5,A,5,32.064673,7.526221,28.409132,32.064673,7.526221,28.409132,32.064673,7.526221,28.409132,32.064673,7.526221,28.409132,32.064673,7.526221,28.409132
9CFN_6,C,6,34.777379,10.286764,33.404372,34.777379,10.286764,33.404372,34.777379,10.286764,33.404372,34.777379,10.286764,33.404372,34.777379,10.286764,33.404372
9CFN_7,C,7,39.71306,6.130226,37.305104,39.71306,6.130226,37.305104,39.71306,6.130226,37.305104,39.71306,6.130226,37.305104,39.71306,6.130226,37.305104
9CFN_8,C,8,44.177118,2.88148,35.803861,44.177118,2.88148,35.803861,44.177118,2.88148,35.803861,44.177118,2.88148,35.803861,44.177118,2.88148,35.803861
9CFN_9,U,9,46.55824,0.576809,31.57848,46.55824,0.576809,31.57848,46.55824,0.576809,31.57848,46.55824,0.576809,31.57848,46.55824,0.576809,31.57848
9CFN_10,C,10,46.926699,-1.39987,26.563546,46.926699,-1.39987,26.563546,46.926699,-1.39987,26.563546,46.926699,-1.39987,26.563546,46.926699,-1.39987,26.563546
9CFN_11,C,11,46.424642,-1.931015,21.02925,46.424642,-1.931015,21.02925,46.424642,-1.931015,21.02925,46.424642,-1.931015,21.02925,46.424642,-1.931015,21.02925
9CFN_12,A,12,46.123303,-1.29028,13.386305,46.123303,-1.29028,13.386305,46.123303,-1.29028,13.386305,46.123303,-1.29028,13.386305,46.123303,-1.29028,13.386305
9CFN_13,A,13,44.102627,-3.268734,10.565678,44.102627,-3.268734,10.565678,44.102627,-3.268734,10.565678,44.102627,-3.268734,10.565678,44.102627,-3.268734,10.565678
9CFN_14,G,14,36.93967,-7.355373,9.646375,36.93967,-7.355373,9.646375,36.93967,-7.355373,9.646375,36.93967,-7.355373,9.646375,36.93967,-7.355373,9.646375
9CFN_15,C,15,34.776131,-4.866037,15.175748,34.776131,-4.866037,15.175748,34.776131,-4.866037,15.175748,34.776131,-4.866037,15.175748,34.776131,-4.866037,15.175748
9CFN_16,C,16,38.124804,-1.455647,10.626436,38.124804,-1.455647,10.626436,38.124804,-1.455647,10.626436,38.124804,-1.455647,10.626436,38.124804,-1.455647,10.626436
9CFN_17,C,17,41.297519,3.141493,13.004372,41.297519,3.141493,13.004372,41.297519,3.141493,13.004372,41.297519,3.141493,13.004372,41.297519,3.141493,13.004372
9CFN_18,U,18,43.537461,7.796266,12.441006,43.537461,7.796266,12.441006,43.537461,7.796266,12.441006,43.537461,7.796266,12.441006,43.537461,7.796266,12.441006
9CFN_19,A,19,43.510596,12.913349,11.398135,43.510596,12.913349,11.398135,43.510596,12.913349,11.398135,43.510596,12.913349,11.398135,43.510596,12.913349,11.398135
9CFN_20,C,20,40.764577,16.208742,9.094088,40.764577,16.208742,9.094088,40.764577,16.208742,9.094088,40.764577,16.208742,9.094088,40.764577,16.208742,9.094088
9CFN_21,A,21,36.75565,17.889591,7.889088,36.75565,17.889591,7.889088,36.75565,17.889591,7.889088,36.75565,17.889591,7.889088,36.75565,17.889591,7.889088
9CFN_22,G,22,31.654037,18.084112,7.864564,31.654037,18.084112,7.864564,31.654037,18.084112,7.864564,31.654037,18.084112,7.864564,31.654037,18.084112,7.864564
9CFN_23,G,23,27.677734,16.230513,10.666205,27.677734,16.230513,10.666205,27.677734,16.230513,10.666205,27.677734,16.230513,10.666205,27.677734,16.230513,10.666205
9CFN_24,U,24,24.936339,13.685049,14.92024,24.936339,13.685049,14.92024,24.936339,13.685049,14.92024,24.936339,13.685049,14.92024,24.936339,13.685049,14.92024
9CFN_25,U,25,23.81327,12.31403,20.32223,23.81327,12.31403,20.32223,23.81327,12.31403,20.32223,23.81327,12.31403,20.32223,23.81327,12.31403,20.32223
9CFN_26,G,26,24.502148,10.473811,22.887061,24.502148,10.473811,22.887061,24.502148,10.473811,22.887061,24.502148,10.473811,22.887061,24.502148,10.473811,22.887061
9CFN_27,G,27,25.093525,5.116588,21.597767,25.093525,5.116588,21.597767,25.093525,5.116588,21.597767,25.093525,5.116588,21.597767,25.093525,5.116588,21.597767
9CFN_28,A,28,29.675255,6.783291,25.058756,29.675255,6.783291,25.058756,29.675255,6.783291,25.058756,29.675255,6.783291,25.058756,29.675255,6.783291,25.058756
9CFN_29,A,29,33.306149,10.473154,21.626017,33.306149,10.473154,21.626017,33.306149,10.473154,21.626017,33.306149,10.473154,21.626017,33.306149,10.473154,21.626017
9CFN_30,G,30,37.506032,3.981961,19.280056,37.506032,3.981961,19.280056,37.506032,3.981961,19.280056,37.506032,3.981961,19.280056,37.506032,3.981961,19.280056
9CFN_31,A,31,32.603887,-1.467626,21.17235,32.603887,-1.467626,21.17235,32.603887,-1.467626,21.17235,32.603887,-1.467626,21.17235,32.603887,-1.467626,21.17235
9CFN_32,G,32,37.239729,-2.973775,22.724226,37.239729,-2.973775,22.724226,37.239729,-2.973775,22.724226,37.239729,-2.973775,22.724226,37.239729,-2.973775,22.724226
9CFN_33,G,33,39.871753,-4.016771,25.390985,39.871753,-4.016771,25.390985,39.871753,-4.016771,25.390985,39.871753,-4.016771,25.390985,39.871753,-4.016771,25.390985
9CFN_34,G,34,41.597002,-4.656431,29.839824,41.597002,-4.656431,29.839824,41.597002,-4.656431,29.839824,41.597002,-4.656431,29.839824,41.597002,-4.656431,29.839824
9CFN_35,G,35,41.593988,-3.327514,34.681431,41.593988,-3.327514,34.681431,41.593988,-3.327514,34.681431,41.593988,-3.327514,34.681431,41.593988,-3.327514,34.681431
9CFN_36,G,36,39.00582,-0.977393,38.329731,39.00582,-0.977393,38.329731,39.00582,-0.977393,38.329731,39.00582,-0.977393,38.329731,39.00582,-0.977393,38.329731
9CFN_37,C,37,34.34205,0.5465,39.870703,34.34205,0.5465,39.870703,34.34205,0.5465,39.870703,34.34205,0.5465,39.870703,34.34205,0.5465,39.870703
9CFN_38,U,38,32.947229,7.814021,36.320212,32.947229,7.814021,36.320212,32.947229,7.814021,36.320212,32.947229,7.814021,36.320212,32.947229,7.814021,36.320212
9CFN_39,A,39,30.506531,12.288989,32.824059,30.506531,12.288989,32.824059,30.506531,12.288989,32.824059,30.506531,12.288989,32.824059,30.506531,12.288989,32.824059
9CFN_40,U,40,29.512319,13.460276,27.340143,29.512319,13.460276,27.340143,29.512319,13.460276,27.340143,29.512319,13.460276,27.340143,29.512319,13.460276,27.340143
9CFN_41,C,41,31.147237,16.682624,24.724321,31.147237,16.682624,24.724321,31.147237,16.682624,24.724321,31.147237,16.682624,24.724321,31.147237,16.682624,24.724321
9CFN_42,A,42,31.266486,13.760001,24.023404,31.266486,13.760001,24.023404,31.266486,13.760001,24.023404,31.266486,13.760001,24.023404,31.266486,13.760001,24.023404
9CFN_43,G,43,26.790272,8.909116,22.463525,26.790272,8.909116,22.463525,26.790272,8.909116,22.463525,26.790272,8.909116,22.463525,26.790272,8.909116,22.463525
9CFN_44,U,44,26.886838,3.553928,21.473607,26.886838,3.553928,21.473607,26.886838,3.553928,21.473607,26.886838,3.553928,21.473607,26.886838,3.553928,21.473607
9CFN_45,C,45,28.572473,6.891549,16.167491,28.572473,6.891549,16.167491,28.572473,6.891549,16.167491,28.572473,6.891549,16.167491,28.572473,6.891549,16.167491
9CFN_46,C,46,27.666887,8.567702,10.959385,27.666887,8.567702,10.959385,27.666887,8.567702,10.959385,27.666887,8.567702,10.959385,27.666887,8.567702,10.959385
9CFN_47,U,47,29.452899,10.379632,6.316926,29.452899,10.379632,6.316926,29.452899,10.379632,6.316926,29.452899,10.379632,6.316926,29.452899,10.379632,6.316926
9CFN_48,G,48,33.050917,10.827814,3.172894,33.050917,10.827814,3.172894,33.050917,10.827814,3.172894,33.050917,10.827814,3.172894,33.050917,10.827814,3.172894
9CFN_49,U,49,38.20702,11.647293,1.015695,38.20702,11.647293,1.015695,38.20702,11.647293,1.015695,38.20702,11.647293,1.015695,38.20702,11.647293,1.015695
9CFN_50,A,50,43.072631,9.856455,0.550491,43.072631,9.856455,0.550491,43.072631,9.856455,0.550491,43.072631,9.856455,0.550491,43.072631,9.856455,0.550491
9CFN_51,G,51,46.691066,6.621159,2.059529,46.691066,6.621159,2.059529,46.691066,6.621159,2.059529,46.691066,6.621159,2.059529,46.691066,6.621159,2.059529
9CFN_52,G,52,47.412196,2.34542,5.028436,47.412196,2.34542,5.028436,47.412196,2.34542,5.028436,47.412196,2.34542,5.028436,47.412196,2.34542,5.028436
9CFN_53,C,53,46.749791,-1.194955,8.148933,46.749791,-1.194955,8.148933,46.749791,-1.194955,8.148933,46.749791,-1.194955,8.148933,46.749791,-1.194955,8.148933
9CFN_54,A,54,44.897053,-3.480148,9.920546,44.897053,-3.480148,9.920546,44.897053,-3.480148,9.920546,44.897053,-3.480148,9.920546,44.897053,-3.480148,9.920546
9CFN_55,G,55,42.824152,-6.255753,9.027628,42.824152,-6.255753,9.027628,42.824152,-6.255753,9.027628,42.824152,-6.255753,9.027628,42.824152,-6.255753,9.027628
9CFN_56,A,56,36.376599,2.79824,19.7299,36.376599,2.79824,19.7299,36.376599,2.79824,19.7299,36.376599,2.79824,19.7299,36.376599,2.79824,19.7299
9CFN_57,C,57,35.611098,3.377296,20.182,35.611098,3.377296,20.182,35.611098,3.377296,20.182,35.611098,3.377296,20.182,35.611098,3.377296,20.182
9CFN_58,U,58,35.086834,3.576955,20.341998,35.086834,3.576955,20.341998,35.086834,3.576955,20.341998,35.086834,3.576955,20.341998,35.086834,3.576955,20.341998
9CFN_59,C,59,30.686294,-1.475598,21.114923,30.686294,-1.475598,21.114923,30.686294,-1.475598,21.114923,30.686294,-1.475598,21.114923,30.686294,-1.475598,21.114923
9JFO_1,G,1,133.989286,119.014626,110.25151,133.989286,119.014626,110.25151,133.989286,119.014626,110.25151,133.989286,119.014626,110.25151,133.989286,119.014626,110.25151
9JFO_2,G,2,136.469998,123.557354,111.285314,136.469998,123.557354,111.285314,136.469998,123.557354,111.285314,136.469998,123.557354,111.285314,136.469998,123.557354,111.285314
9JFO_3,U,3,136.404217,128.967036,114.354345,136.404217,128.967036,114.354345,136.404217,128.967036,114.354345,136.404217,128.967036,114.354345,136.404217,128.967036,114.354345
9JFO_4,G,4,135.966225,131.520142,119.266002,135.966225,131.520142,119.266002,135.966225,131.520142,119.266002,135.966225,131.520142,119.266002,135.966225,131.520142,119.266002
9JFO_5,G,5,134.982595,130.75963,124.31359,134.982595,130.75963,124.31359,134.982595,130.75963,124.31359,134.982595,130.75963,124.31359,134.982595,130.75963,124.31359
9JFO_6,G,6,136.665137,135.958937,115.515083,136.665137,135.958937,115.515083,136.665137,135.958937,115.515083,136.665137,135.958937,115.515083,136.665137,135.958937,115.515083
9JFO_7,A,7,134.613439,140.272987,112.149869,134.613439,140.272987,112.149869,134.613439,140.272987,112.149869,134.613439,140.272987,112.149869,134.613439,140.272987,112.149869
9JFO_8,G,8,131.363615,142.537963,113.836695,131.363615,142.537963,113.836695,131.363615,142.537963,113.836695,131.363615,142.537963,113.836695,131.363615,142.537963,113.836695
9JFO_9,G,9,130.241554,142.427745,118.994365,130.241554,142.427745,118.994365,130.241554,142.427745,118.994365,130.241554,142.427745,118.994365,130.241554,142.427745,118.994365
9JFO_10,U,10,136.987503,138.514426,121.902253,136.987503,138.514426,121.902253,136.987503,138.514426,121.902253,136.987503,138.514426,121.902253,136.987503,138.514426,121.902253
9JFO_11,C,11,142.291658,133.176328,122.193359,142.291658,133.176328,122.193359,142.291658,133.176328,122.193359,142.291658,133.176328,122.193359,142.291658,133.176328,122.193359
9JFO_12,U,12,146.902082,121.732508,124.258636,146.902082,121.732508,124.258636,146.902082,121.732508,124.258636,146.902082,121.732508,124.258636,146.902082,121.732508,124.258636
9JFO_13,G,13,143.724385,117.108944,123.442457,143.724385,117.108944,123.442457,143.724385,117.108944,123.442457,143.724385,117.108944,123.442457,143.724385,117.108944,123.442457
9JFO_14,U,14,139.357387,114.997735,125.054753,139.357387,114.997735,125.054753,139.357387,114.997735,125.054753,139.357387,114.997735,125.054753,139.357387,114.997735,125.054753
9JFO_15,C,15,131.887869,123.292738,123.752805,131.887869,123.292738,123.752805,131.887869,123.292738,123.752805,131.887869,123.292738,123.752805,131.887869,123.292738,123.752805
9JFO_16,C,16,128.042773,131.572849,119.652642,128.042773,131.572849,119.652642,128.042773,131.572849,119.652642,128.042773,131.572849,119.652642,128.042773,131.572849,119.652642
9JFO_17,C,17,128.602382,132.026612,117.819773,128.602382,132.026612,117.819773,128.602382,132.026612,117.819773,128.602382,132.026612,117.819773,128.602382,132.026612,117.819773
9JFO_18,C,18,127.876728,128.79856,123.258186,127.876728,128.79856,123.258186,127.876728,128.79856,123.258186,127.876728,128.79856,123.258186,127.876728,128.79856,123.258186
9JFO_19,A,19,127.728448,131.298601,119.63413,127.728448,131.298601,119.63413,127.728448,131.298601,119.63413,127.728448,131.298601,119.63413,127.728448,131.298601,119.63413
9JFO_20,C,20,128.880979,130.530542,114.715665,128.880979,130.530542,114.715665,128.880979,130.530542,114.715665,128.880979,130.530542,114.715665,128.880979,130.530542,114.715665
9JFO_21,C,21,130.319056,129.467882,109.391368,130.319056,129.467882,109.391368,130.319056,129.467882,109.391368,130.319056,129.467882,109.391368,130.319056,129.467882,109.391368
9JFO_22,A,22,131.583263,124.731185,104.684241,131.583263,124.731185,104.684241,131.583263,124.731185,104.684241,131.583263,124.731185,104.684241,131.583263,124.731185,104.684241
9JFO_23,U,23,127.867035,121.705328,102.660457,127.867035,121.705328,102.660457,127.867035,121.705328,102.660457,127.867035,121.705328,102.660457,127.867035,121.705328,102.660457
9JFO_24,G,24,133.211416,125.800853,109.287637,133.211416,125.800853,109.287637,133.211416,125.800853,109.287637,133.211416,125.800853,109.287637,133.211416,125.800853,109.287637
9JFO_25,G,25,133.157436,127.415349,117.731467,133.157436,127.415349,117.731467,133.157436,127.415349,117.731467,133.157436,127.415349,117.731467,133.157436,127.415349,117.731467
9JFO_26,G,26,130.375027,129.758919,120.706775,130.375027,129.758919,120.706775,130.375027,129.758919,120.706775,130.375027,129.758919,120.706775,130.375027,129.758919,120.706775
9JFO_27,G,27,138.173187,135.253501,113.49737,138.173187,135.253501,113.49737,138.173187,135.253501,113.49737,138.173187,135.253501,113.49737,138.173187,135.253501,113.49737
9JFO_28,U,28,138.024146,133.00802,118.273263,138.024146,133.00802,118.273263,138.024146,133.00802,118.273263,138.024146,133.00802,118.273263,138.024146,133.00802,118.273263
9JFO_29,G,29,136.721738,130.660106,120.224249,136.721738,130.660106,120.224249,136.721738,130.660106,120.224249,136.721738,130.660106,120.224249,136.721738,130.660106,120.224249
9JFO_30,C,30,134.36844,127.129943,119.775774,134.36844,127.129943,119.775774,134.36844,127.129943,119.775774,134.36844,127.129943,119.775774,134.36844,127.129943,119.775774
9JFO_31,G,31,132.430061,125.161256,117.217064,132.430061,125.161256,117.217064,132.430061,125.161256,117.217064,132.430061,125.161256,117.217064,132.430061,125.161256,117.217064
9JFO_32,A,32,130.385576,135.305462,118.636084,130.385576,135.305462,118.636084,130.385576,135.305462,118.636084,130.385576,135.305462,118.636084,130.385576,135.305462,118.636084
9JFO_33,A,33,130.385576,135.305448,118.636067,130.385576,135.305448,118.636067,130.385576,135.305448,118.636067,130.385576,135.305448,118.636067,130.385576,135.305448,118.636067
9JFO_34,C,34,130.385575,135.305454,118.636056,130.385575,135.305454,118.636056,130.385575,135.305454,118.636056,130.385575,135.305454,118.636056,130.385575,135.305454,118.636056
9JFO_35,C,35,130.385576,135.305472,118.636079,130.385576,135.305472,118.636079,130.385576,135.305472,118.636079,130.385576,135.305472,118.636079,130.385576,135.305472,118.636079
9JFO_36,U,36,130.385576,135.305474,118.636081,130.385576,135.305474,118.636081,130.385576,135.305474,118.636081,130.385576,135.305474,118.636081,130.385576,135.305474,118.636081
9JFO_37,U,37,130.38558,135.305469,118.636076,130.38558,135.305469,118.636076,130.38558,135.305469,118.636076,130.38558,135.305469,118.636076,130.38558,135.305469,118.636076
9JFO_38,G,38,130.385581,135.30547,118.636074,130.385581,135.30547,118.636074,130.385581,135.30547,118.636074,130.385581,135.30547,118.636074,130.385581,135.30547,118.636074
9JFO_39,U,39,130.385576,135.305475,118.636083,130.385576,135.305475,118.636083,130.385576,135.305475,118.636083,130.385576,135.305475,118.636083,130.385576,135.305475,118.636083
9JFO_40,G,40,130.385576,135.305476,118.636083,130.385576,135.305476,118.636083,130.385576,135.305476,118.636083,130.385576,135.305476,118.636083,130.385576,135.305476,118.636083
9JFO_41,U,41,130.385575,135.305477,118.636086,130.385575,135.305477,118.636086,130.385575,135.305477,118.636086,130.385575,135.305477,118.636086,130.385575,135.305477,118.636086
9JFO_42,G,42,130.385575,135.305476,118.636087,130.385575,135.305476,118.636087,130.385575,135.305476,118.636087,130.385575,135.305476,118.636087,130.385575,135.305476,118.636087
9JFO_43,C,43,130.385575,135.305476,118.636088,130.385575,135.305476,118.636088,130.385575,135.305476,118.636088,130.385575,135.305476,118.636088,130.385575,135.305476,118.636088
9JFO_44,U,44,130.385575,135.305476,118.636089,130.385575,135.305476,118.636089,130.385575,135.305476,118.636089,130.385575,135.305476,118.636089,130.385575,135.305476,118.636089
9JFO_45,C,45,130.385575,135.305475,118.636089,130.385575,135.305475,118.636089,130.385575,135.305475,118.636089,130.385575,135.305475,118.636089,130.385575,135.305475,118.636089
9JFO_46,A,46,130.385576,135.305475,118.63609,130.385576,135.305475,118.63609,130.385576,135.305475,118.63609,130.385576,135.305475,118.63609,130.385576,135.305475,118.63609
9JFO_47,U,47,130.385578,135.305473,118.63609,130.385578,135.305473,118.63609,130.385578,135.305473,118.63609,130.385578,135.305473,118.63609,130.385578,135.305473,118.63609
9JFO_48,C,48,130.385583,135.305473,118.636089,130.385583,135.305473,118.636089,130.385583,135.305473,118.636089,130.385583,135.305473,118.636089,130.385583,135.305473,118.636089
9JFO_49,A,49,130.385576,135.305475,118.636089,130.385576,135.305475,118.636089,130.385576,135.305475,118.636089,130.385576,135.305475,118.636089,130.385576,135.305475,118.636089
9JFO_50,U,50,130.385575,135.305475,118.63609,130.385575,135.305475,118.63609,130.385575,135.305475,118.63609,130.385575,135.305475,118.63609,130.385575,135.305475,118.63609
9JFO_51,U,51,130.385575,135.305476,118.636089,130.385575,135.305476,118.636089,130.385575,135.305476,118.636089,130.385575,135.305476,118.636089,130.385575,135.305476,118.636089
9JFO_52,G,52,130.385575,135.305476,118.636088,130.385575,135.305476,118.636088,130.385575,135.305476,118.636088,130.385575,135.305476,118.636088,130.385575,135.305476,118.636088
9JFO_53,C,53,130.385575,135.305476,118.636087,130.385575,135.305476,118.636087,130.385575,135.305476,118.636087,130.385575,135.305476,118.636087,130.385575,135.305476,118.636087
9JFO_54,C,54,130.385576,135.305476,118.636086,130.385576,135.305476,118.636086,130.385576,135.305476,118.636086,130.385576,135.305476,118.636086,130.385576,135.305476,118.636086
9JFO_55,G,55,130.385579,135.305475,118.636083,130.385579,135.305475,118.636083,130.385579,135.305475,118.636083,130.385579,135.305475,118.636083,130.385579,135.305475,118.636083
9JFO_56,U,56,130.38558,135.305473,118.636084,130.38558,135.305473,118.636084,130.38558,135.305473,118.636084,130.38558,135.305473,118.636084,130.38558,135.305473,118.636084
9JFO_57,G,57,130.385584,135.305467,118.636083,130.385584,135.305467,118.636083,130.385584,135.305467,118.636083,130.385584,135.305467,118.636083,130.385584,135.305467,118.636083
9JFO_58,A,58,130.385581,135.305467,118.636087,130.385581,135.305467,118.636087,130.385581,135.305467,118.636087,130.385581,135.305467,118.636087,130.385581,135.305467,118.636087
9JFO_59,G,59,130.385576,135.305471,118.636089,130.385576,135.305471,118.636089,130.385576,135.305471,118.636089,130.385576,135.305471,118.636089,130.385576,135.305471,118.636089
9JFO_60,C,60,130.385575,135.305474,118.636089,130.385575,135.305474,118.636089,130.385575,135.305474,118.636089,130.385575,135.305474,118.636089,130.385575,135.305474,118.636089
9JFO_61,G,61,130.385575,135.305475,118.636088,130.385575,135.305475,118.636088,130.385575,135.305475,118.636088,130.385575,135.305475,118.636088,130.385575,135.305475,118.636088
9JFO_62,U,62,130.385575,135.305475,118.636087,130.385575,135.305475,118.636087,130.385575,135.305475,118.636087,130.385575,135.305475,118.636087,130.385575,135.305475,118.636087
9JFO_63,U,63,130.385573,135.305475,118.636083,130.385573,135.305475,118.636083,130.385573,135.305475,118.636083,130.385573,135.305475,118.636083,130.385573,135.305475,118.636083
9JFO_64,C,64,123.612798,131.563634,110.107857,123.612798,131.563634,110.107857,123.612798,131.563634,110.107857,123.612798,131.563634,110.107857,123.612798,131.563634,110.107857
9JFO_65,G,65,123.068148,129.538502,114.076349,123.068148,129.538502,114.076349,123.068148,129.538502,114.076349,123.068148,129.538502,114.076349,123.068148,129.538502,114.076349
9JFO_66,C,66,124.222606,129.442924,117.609066,124.222606,129.442924,117.609066,124.222606,129.442924,117.609066,124.222606,129.442924,117.609066,124.222606,129.442924,117.609066
9JFO_67,A,67,125.687537,130.751558,121.190534,125.687537,130.751558,121.190534,125.687537,130.751558,121.190534,125.687537,130.751558,121.190534,125.687537,130.751558,121.190534
9JFO_68,C,68,129.817352,131.794921,123.391194,129.817352,131.794921,123.391194,129.817352,131.794921,123.391194,129.817352,131.794921,123.391194,129.817352,131.794921,123.391194
9JFO_69,G,69,135.531851,130.447907,120.25453,135.531851,130.447907,120.25453,135.531851,130.447907,120.25453,135.531851,130.447907,120.25453,135.531851,130.447907,120.25453
9JFO_70,U,70,138.968807,130.212923,114.54893,138.968807,130.212923,114.54893,138.968807,130.212923,114.54893,138.968807,130.212923,114.54893,138.968807,130.212923,114.54893
9JFO_71,C,71,140.146349,130.683875,106.598231,140.146349,130.683875,106.598231,140.146349,130.683875,106.598231,140.146349,130.683875,106.598231,140.146349,130.683875,106.598231
9JFO_72,C,72,141.073979,129.512303,99.415032,141.073979,129.512303,99.415032,141.073979,129.512303,99.415032,141.073979,129.512303,99.415032,141.073979,129.512303,99.415032
9JFO_73,A,73,136.668205,130.566374,101.206926,136.668205,130.566374,101.206926,136.668205,130.566374,101.206926,136.668205,130.566374,101.206926,136.668205,130.566374,101.206926
9JFO_74,A,74,134.020714,131.571562,105.453982,134.020714,131.571562,105.453982,134.020714,131.571562,105.453982,134.020714,131.571562,105.453982,134.020714,131.571562,105.453982
9JFO_75,A,75,132.800031,131.691891,111.405922,132.800031,131.691891,111.405922,132.800031,131.691891,111.405922,132.800031,131.691891,111.405922,132.800031,131.691891,111.405922
9JFO_76,C,76,136.895817,135.166387,116.057206,136.895817,135.166387,116.057206,136.895817,135.166387,116.057206,136.895817,135.166387,116.057206,136.895817,135.166387,116.057206
9JFO_77,G,77,135.260345,137.749704,123.975679,135.260345,137.749704,123.975679,135.260345,137.749704,123.975679,135.260345,137.749704,123.975679,135.260345,137.749704,123.975679
9JFO_78,A,78,128.900581,135.842117,121.727189,128.900581,135.842117,121.727189,128.900581,135.842117,121.727189,128.900581,135.842117,121.727189,128.900581,135.842117,121.727189
9JFO_79,C,79,123.928622,135.703272,120.75192,123.928622,135.703272,120.75192,123.928622,135.703272,120.75192,123.928622,135.703272,120.75192,123.928622,135.703272,120.75192
9JFO_80,C,80,119.644738,137.818921,119.766314,119.644738,137.818921,119.766314,119.644738,137.818921,119.766314,119.644738,137.818921,119.766314,119.644738,137.818921,119.766314
9JFO_81,A,81,115.879475,141.194601,121.451464,115.879475,141.194601,121.451464,115.879475,141.194601,121.451464,115.879475,141.194601,121.451464,115.879475,141.194601,121.451464
9JFO_82,U,82,114.717035,146.636183,122.929292,114.717035,146.636183,122.929292,114.717035,146.636183,122.929292,114.717035,146.636183,122.929292,114.717035,146.636183,122.929292
9JFO_83,A,83,118.945494,150.048946,122.631309,118.945494,150.048946,122.631309,118.945494,150.048946,122.631309,118.945494,150.048946,122.631309,118.945494,150.048946,122.631309
9JFO_84,U,84,129.313913,146.113384,124.465276,129.313913,146.113384,124.465276,129.313913,146.113384,124.465276,129.313913,146.113384,124.465276,129.313913,146.113384,124.465276
9JFO_85,C,85,133.114012,145.654569,122.55994,133.114012,145.654569,122.55994,133.114012,145.654569,122.55994,133.114012,145.654569,122.55994,133.114012,145.654569,122.55994
9JFO_86,A,86,135.537611,144.790422,119.582963,135.537611,144.790422,119.582963,135.537611,144.790422,119.582963,135.537611,144.790422,119.582963,135.537611,144.790422,119.582963
9JFO_87,U,87,139.060826,142.716673,117.644135,139.060826,142.716673,117.644135,139.060826,142.716673,117.644135,139.060826,142.716673,117.644135,139.060826,142.716673,117.644135
9JFO_88,C,88,139.075479,143.746749,114.869047,139.075479,143.746749,114.869047,139.075479,143.746749,114.869047,139.075479,143.746749,114.869047,139.075479,143.746749,114.869047
9JFO_89,G,89,137.449243,144.221046,112.957545,137.449243,144.221046,112.957545,137.449243,144.221046,112.957545,137.449243,144.221046,112.957545,137.449243,144.221046,112.957545
9JFO_90,U,90,134.569231,150.030212,112.201807,134.569231,150.030212,112.201807,134.569231,150.030212,112.201807,134.569231,150.030212,112.201807,134.569231,150.030212,112.201807
9JFO_91,U,91,127.311059,153.819623,106.080211,127.311059,153.819623,106.080211,127.311059,153.819623,106.080211,127.311059,153.819623,106.080211,127.311059,153.819623,106.080211
9JFO_92,G,92,133.446769,145.482128,109.502148,133.446769,145.482128,109.502148,133.446769,145.482128,109.502148,133.446769,145.482128,109.502148,133.446769,145.482128,109.502148
9JFO_93,C,93,130.49983,142.142317,117.490854,130.49983,142.142317,117.490854,130.49983,142.142317,117.490854,130.49983,142.142317,117.490854,130.49983,142.142317,117.490854
9JFO_94,C,94,130.236613,133.669156,112.26612,130.236613,133.669156,112.26612,130.236613,133.669156,112.26612,130.236613,133.669156,112.26612,130.236613,133.669156,112.26612
9JFO_95,C,95,126.250525,133.25848,116.992062,126.250525,133.25848,116.992062,126.250525,133.25848,116.992062,126.250525,133.25848,116.992062,126.250525,133.25848,116.992062
9JFO_96,U,96,124.458378,137.197496,120.184935,124.458378,137.197496,120.184935,124.458378,137.197496,120.184935,124.458378,137.197496,120.184935,124.458378,137.197496,120.184935
9JFO_97,G,97,124.793055,142.108185,120.493526,124.793055,142.108185,120.493526,124.793055,142.108185,120.493526,124.793055,142.108185,120.493526,124.793055,142.108185,120.493526
9JFO_98,C,98,125.814276,145.173522,118.987638,125.814276,145.173522,118.987638,125.814276,145.173522,118.987638,125.814276,145.173522,118.987638,125.814276,145.173522,118.987638
9JFO_99,G,99,126.82818,147.109152,116.13614,126.82818,147.109152,116.13614,126.82818,147.109152,116.13614,126.82818,147.109152,116.13614,126.82818,147.109152,116.13614
9JFO_100,A,100,128.251821,147.512528,112.804512,128.251821,147.512528,112.804512,128.251821,147.512528,112.804512,128.251821,147.512528,112.804512,128.251821,147.512528,112.804512
9JFO_101,C,101,129.68752,144.997257,110.74496,129.68752,144.997257,110.74496,129.68752,144.997257,110.74496,129.68752,144.997257,110.74496,129.68752,144.997257,110.74496
9JFO_102,C,102,130.509538,141.10675,109.665937,130.509538,141.10675,109.665937,130.509538,141.10675,109.665937,130.509538,141.10675,109.665937,130.509538,141.10675,109.665937
9JFO_103,A,103,130.385575,135.305475,118.636087,130.385575,135.305475,118.636087,130.385575,135.305475,118.636087,130.385575,135.305475,118.636087,130.385575,135.305475,118.636087
9JFO_104,U,104,130.385575,135.305476,118.636086,130.385575,135.305476,118.636086,130.385575,135.305476,118.636086,130.385575,135.305476,118.636086,130.385575,135.305476,118.636086
9JFO_105,U,105,130.385575,135.305476,118.636086,130.385575,135.305476,118.636086,130.385575,135.305476,118.636086,130.385575,135.305476,118.636086,130.385575,135.305476,118.636086
9JFO_106,C,106,130.385575,135.305476,118.636086,130.385575,135.305476,118.636086,130.385575,135.305476,118.636086,130.385575,135.305476,118.636086,130.385575,135.305476,118.636086
9JFO_107,A,107,130.385575,135.305476,118.636085,130.385575,135.305476,118.636085,130.385575,135.305476,118.636085,130.385575,135.305476,118.636085,130.385575,135.305476,118.636085
9JFO_108,G,108,130.385575,135.305475,118.636086,130.385575,135.305475,118.636086,130.385575,135.305475,118.636086,130.385575,135.305475,118.636086,130.385575,135.305475,118.636086
9JFO_109,C,109,130.385575,135.305474,118.636086,130.385575,135.305474,118.636086,130.385575,135.305474,118.636086,130.385575,135.305474,118.636086,130.385575,135.305474,118.636086
9JFO_110,G,110,130.385574,135.305474,118.636087,130.385574,135.305474,118.636087,130.385574,135.305474,118.636087,130.385574,135.305474,118.636087,130.385574,135.305474,118.636087
9JFO_111,G,111,130.385574,135.305474,118.636088,130.385574,135.305474,118.636088,130.385574,135.305474,118.636088,130.385574,135.305474,118.636088,130.385574,135.305474,118.636088
9JFO_112,C,112,130.385574,135.305474,118.636089,130.385574,135.305474,118.636089,130.385574,135.305474,118.636089,130.385574,135.305474,118.636089,130.385574,135.305474,118.636089
9JFO_113,A,113,130.385575,135.305475,118.636089,130.385575,135.305475,118.636089,130.385575,135.305475,118.636089,130.385575,135.305475,118.636089,130.385575,135.305475,118.636089
9JFO_114,A,114,130.385574,135.305476,118.636089,130.385574,135.305476,118.636089,130.385574,135.305476,118.636089,130.385574,135.305476,118.636089,130.385574,135.305476,118.636089
9JFO_115,U,115,130.385576,135.305476,118.636086,130.385576,135.305476,118.636086,130.385576,135.305476,118.636086,130.385576,135.305476,118.636086,130.385576,135.305476,118.636086
9JFO_116,C,116,130.385575,135.305479,118.636085,130.385575,135.305479,118.636085,130.385575,135.305479,118.636085,130.385575,135.305479,118.636085,130.385575,135.305479,118.636085
9JFO_117,A,117,130.385573,135.305479,118.636084,130.385573,135.305479,118.636084,130.385573,135.305479,118.636084,130.385573,135.305479,118.636084,130.385573,135.305479,118.636084
9JFO_118,A,118,130.385574,135.305476,118.636087,130.385574,135.305476,118.636087,130.385574,135.305476,118.636087,130.385574,135.305476,118.636087,130.385574,135.305476,118.636087
9JFO_119,G,119,129.995532,136.120206,110.406548,129.995532,136.120206,110.406548,129.995532,136.120206,110.406548,129.995532,136.120206,110.406548,129.995532,136.120206,110.406548
9JFO_120,A,120,132.703988,137.82671,109.782698,132.703988,137.82671,109.782698,132.703988,137.82671,109.782698,132.703988,137.82671,109.782698,132.703988,137.82671,109.782698
9JFO_121,C,121,134.897579,142.364497,111.125362,134.897579,142.364497,111.125362,134.897579,142.364497,111.125362,134.897579,142.364497,111.125362,134.897579,142.364497,111.125362
9JFO_122,G,122,133.990311,145.793583,113.685361,133.990311,145.793583,113.685361,133.990311,145.793583,113.685361,133.990311,145.793583,113.685361,133.990311,145.793583,113.685361
9JFO_123,C,123,132.839957,146.101038,117.329796,132.839957,146.101038,117.329796,132.839957,146.101038,117.329796,132.839957,146.101038,117.329796,132.839957,146.101038,117.329796
9JFO_124,A,124,131.770501,145.732335,120.393855,131.770501,145.732335,120.393855,131.770501,145.732335,120.393855,131.770501,145.732335,120.393855,131.770501,145.732335,120.393855
9JFO_125,G,125,129.002675,143.752543,123.10205,129.002675,143.752543,123.10205,129.002675,143.752543,123.10205,129.002675,143.752543,123.10205,129.002675,143.752543,123.10205
9JFO_126,G,126,126.759961,141.114432,123.738028,126.759961,141.114432,123.738028,126.759961,141.114432,123.738028,126.759961,141.114432,123.738028,126.759961,141.114432,123.738028
9JFO_127,C,127,122.879174,140.574397,117.419804,122.879174,140.574397,117.419804,122.879174,140.574397,117.419804,122.879174,140.574397,117.419804,122.879174,140.574397,117.419804
9JFO_128,A,128,121.287883,146.158886,106.498094,121.287883,146.158886,106.498094,121.287883,146.158886,106.498094,121.287883,146.158886,106.498094,121.287883,146.158886,106.498094
9JFO_129,U,129,125.967619,147.568934,107.242824,125.967619,147.568934,107.242824,125.967619,147.568934,107.242824,125.967619,147.568934,107.242824,125.967619,147.568934,107.242824
9JFO_130,G,130,128.715891,150.093824,113.218183,128.715891,150.093824,113.218183,128.715891,150.093824,113.218183,128.715891,150.093824,113.218183,128.715891,150.093824,113.218183
9JFO_131,A,131,131.614823,144.096051,117.542165,131.614823,144.096051,117.542165,131.614823,144.096051,117.542165,131.614823,144.096051,117.542165,131.614823,144.096051,117.542165
9JFO_132,U,132,134.011125,138.091604,121.830479,134.011125,138.091604,121.830479,134.011125,138.091604,121.830479,134.011125,138.091604,121.830479,134.011125,138.091604,121.830479
9JFO_133,A,133,131.353459,138.458529,125.364837,131.353459,138.458529,125.364837,131.353459,138.458529,125.364837,131.353459,138.458529,125.364837,131.353459,138.458529,125.364837
9JFO_134,U,134,120.981488,145.377147,128.908629,120.981488,145.377147,128.908629,120.981488,145.377147,128.908629,120.981488,145.377147,128.908629,120.981488,145.377147,128.908629
9JFO_135,G,135,117.124194,141.210359,129.67865,117.124194,141.210359,129.67865,117.124194,141.210359,129.67865,117.124194,141.210359,129.67865,117.124194,141.210359,129.67865
9JFO_136,U,136,120.752341,138.220652,128.364222,120.752341,138.220652,128.364222,120.752341,138.220652,128.364222,120.752341,138.220652,128.364222,120.752341,138.220652,128.364222
9JFO_137,A,137,126.69907,132.074916,127.703416,126.69907,132.074916,127.703416,126.69907,132.074916,127.703416,126.69907,132.074916,127.703416,126.69907,132.074916,127.703416
9JFO_138,A,138,128.975057,128.324779,128.810179,128.975057,128.324779,128.810179,128.975057,128.324779,128.810179,128.975057,128.324779,128.810179,128.975057,128.324779,128.810179
9JFO_139,C,139,126.89312,130.27816,120.399855,126.89312,130.27816,120.399855,126.89312,130.27816,120.399855,126.89312,130.27816,120.399855,126.89312,130.27816,120.399855
9JFO_140,C,140,129.090457,127.822242,119.638807,129.090457,127.822242,119.638807,129.090457,127.822242,119.638807,129.090457,127.822242,119.638807,129.090457,127.822242,119.638807
9JFO_141,A,141,130.482329,125.834558,121.962993,130.482329,125.834558,121.962993,130.482329,125.834558,121.962993,130.482329,125.834558,121.962993,130.482329,125.834558,121.962993
9JFO_142,U,142,129.538962,125.277406,125.921177,129.538962,125.277406,125.921177,129.538962,125.277406,125.921177,129.538962,125.277406,125.921177,129.538962,125.277406,125.921177
9JFO_143,G,143,127.420381,126.530334,129.04758,127.420381,126.530334,129.04758,127.420381,126.530334,129.04758,127.420381,126.530334,129.04758,127.420381,126.530334,129.04758
9JFO_144,C,144,124.112852,128.563508,131.73515,124.112852,128.563508,131.73515,124.112852,128.563508,131.73515,124.112852,128.563508,131.73515,124.112852,128.563508,131.73515
9JFO_145,A,145,120.415181,130.993959,133.159309,120.415181,130.993959,133.159309,120.415181,130.993959,133.159309,120.415181,130.993959,133.159309,120.415181,130.993959,133.159309
9JFO_146,U,146,114.460559,132.671767,135.576849,114.460559,132.671767,135.576849,114.460559,132.671767,135.576849,114.460559,132.671767,135.576849,114.460559,132.671767,135.576849
9JFO_147,U,147,113.296246,132.950399,129.901604,113.296246,132.950399,129.901604,113.296246,132.950399,129.901604,113.296246,132.950399,129.901604,113.296246,132.950399,129.901604
9JFO_148,G,148,118.809901,129.494039,120.449226,118.809901,129.494039,120.449226,118.809901,129.494039,120.449226,118.809901,129.494039,120.449226,118.809901,129.494039,120.449226
9JFO_149,G,149,123.823344,128.974711,121.852714,123.823344,128.974711,121.852714,123.823344,128.974711,121.852714,123.823344,128.974711,121.852714,123.823344,128.974711,121.852714
9JFO_150,A,150,125.804739,127.24864,122.927406,125.804739,127.24864,122.927406,125.804739,127.24864,122.927406,125.804739,127.24864,122.927406,125.804739,127.24864,122.927406
9JFO_151,A,151,128.229014,126.599549,119.966141,128.229014,126.599549,119.966141,128.229014,126.599549,119.966141,128.229014,126.599549,119.966141,128.229014,126.599549,119.966141
9JFO_152,A,152,128.120968,130.05797,116.55369,128.120968,130.05797,116.55369,128.120968,130.05797,116.55369,128.120968,130.05797,116.55369,128.120968,130.05797,116.55369
9JFO_153,G,153,124.360268,134.596109,117.302697,124.360268,134.596109,117.302697,124.360268,134.596109,117.302697,124.360268,134.596109,117.302697,124.360268,134.596109,117.302697
9JFO_154,U,154,122.558881,137.27473,121.912591,122.558881,137.27473,121.912591,122.558881,137.27473,121.912591,122.558881,137.27473,121.912591,122.558881,137.27473,121.912591
9JFO_155,G,155,122.649702,138.918305,127.156402,122.649702,138.918305,127.156402,122.649702,138.918305,127.156402,122.649702,138.918305,127.156402,122.649702,138.918305,127.156402
9JFO_156,C,156,124.757241,137.770616,131.245589,124.757241,137.770616,131.245589,124.757241,137.770616,131.245589,124.757241,137.770616,131.245589,124.757241,137.770616,131.245589
9JFO_157,A,157,127.596041,135.285602,132.447756,127.596041,135.285602,132.447756,127.596041,135.285602,132.447756,127.596041,135.285602,132.447756,127.596041,135.285602,132.447756
9JFO_158,U,158,131.146584,132.757978,132.848751,131.146584,132.757978,132.848751,131.146584,132.757978,132.848751,131.146584,132.757978,132.848751,131.146584,132.757978,132.848751
9JFO_159,G,159,134.125369,131.614785,129.241512,134.125369,131.614785,129.241512,134.125369,131.614785,129.241512,134.125369,131.614785,129.241512,134.125369,131.614785,129.241512
9JFO_160,G,160,135.652432,129.991987,126.127618,135.652432,129.991987,126.127618,135.652432,129.991987,126.127618,135.652432,129.991987,126.127618,135.652432,129.991987,126.127618
9JFO_161,A,161,136.486084,127.960571,124.180661,136.486084,127.960571,124.180661,136.486084,127.960571,124.180661,136.486084,127.960571,124.180661,136.486084,127.960571,124.180661
9JFO_162,G,162,136.026259,127.713961,119.468412,136.026259,127.713961,119.468412,136.026259,127.713961,119.468412,136.026259,127.713961,119.468412,136.026259,127.713961,119.468412
9JFO_163,C,163,134.70894,126.085811,118.875685,134.70894,126.085811,118.875685,134.70894,126.085811,118.875685,134.70894,126.085811,118.875685,134.70894,126.085811,118.875685
9JFO_164,A,164,135.838235,125.629173,118.738248,135.838235,125.629173,118.738248,135.838235,125.629173,118.738248,135.838235,125.629173,118.738248,135.838235,125.629173,118.738248
9JFO_165,G,165,135.448952,127.613501,116.497914,135.448952,127.613501,116.497914,135.448952,127.613501,116.497914,135.448952,127.613501,116.497914,135.448952,127.613501,116.497914
9JFO_166,A,166,134.863816,130.330885,113.402058,134.863816,130.330885,113.402058,134.863816,130.330885,113.402058,134.863816,130.330885,113.402058,134.863816,130.330885,113.402058
9JFO_167,A,167,138.827135,135.091496,117.438732,138.827135,135.091496,117.438732,138.827135,135.091496,117.438732,138.827135,135.091496,117.438732,138.827135,135.091496,117.438732
9JFO_168,G,168,139.829217,138.331998,119.031467,139.829217,138.331998,119.031467,139.829217,138.331998,119.031467,139.829217,138.331998,119.031467,139.829217,138.331998,119.031467
9JFO_169,A,169,138.063566,142.137544,118.484683,138.063566,142.137544,118.484683,138.063566,142.137544,118.484683,138.063566,142.137544,118.484683,138.063566,142.137544,118.484683
9JFO_170,A,170,135.585039,145.025413,116.870064,135.585039,145.025413,116.870064,135.585039,145.025413,116.870064,135.585039,145.025413,116.870064,135.585039,145.025413,116.870064
9JFO_171,A,171,131.627645,146.500165,114.558457,131.627645,146.500165,114.558457,131.627645,146.500165,114.558457,131.627645,146.500165,114.558457,131.627645,146.500165,114.558457
9JFO_172,C,172,128.551744,144.992393,114.499556,128.551744,144.992393,114.499556,128.551744,144.992393,114.499556,128.551744,144.992393,114.499556,128.551744,144.992393,114.499556
9JFO_173,A,173,125.047601,143.787271,114.821961,125.047601,143.787271,114.821961,125.047601,143.787271,114.821961,125.047601,143.787271,114.821961,125.047601,143.787271,114.821961
9JFO_174,C,174,123.202729,141.126115,117.99129,123.202729,141.126115,117.99129,123.202729,141.126115,117.99129,123.202729,141.126115,117.99129,123.202729,141.126115,117.99129
9JFO_175,A,175,124.870019,139.728713,122.625961,124.870019,139.728713,122.625961,124.870019,139.728713,122.625961,124.870019,139.728713,122.625961,124.870019,139.728713,122.625961
9JFO_176,G,176,127.974459,138.324377,125.305502,127.974459,138.324377,125.305502,127.974459,138.324377,125.305502,127.974459,138.324377,125.305502,127.974459,138.324377,125.305502
9JFO_177,U,177,128.533532,133.708516,124.382304,128.533532,133.708516,124.382304,128.533532,133.708516,124.382304,128.533532,133.708516,124.382304,128.533532,133.708516,124.382304
9JFO_178,A,178,130.707068,133.212605,123.428196,130.707068,133.212605,123.428196,130.707068,133.212605,123.428196,130.707068,133.212605,123.428196,130.707068,133.212605,123.428196
9JFO_179,G,179,132.258827,133.716918,123.823033,132.258827,133.716918,123.823033,132.258827,133.716918,123.823033,132.258827,133.716918,123.823033,132.258827,133.716918,123.823033
9JFO_180,G,180,130.385574,135.305474,118.636091,130.385574,135.305474,118.636091,130.385574,135.305474,118.636091,130.385574,135.305474,118.636091,130.385574,135.305474,118.636091
9JFO_181,A,181,130.385572,135.305474,118.636092,130.385572,135.305474,118.636092,130.385572,135.305474,118.636092,130.385572,135.305474,118.636092,130.385572,135.305474,118.636092
9JFO_182,G,182,130.385571,135.305475,118.63609,130.385571,135.305475,118.63609,130.385571,135.305475,118.63609,130.385571,135.305475,118.63609,130.385571,135.305475,118.63609
9JFO_183,G,183,130.38557,135.305476,118.636088,130.38557,135.305476,118.636088,130.38557,135.305476,118.636088,130.38557,135.305476,118.636088,130.38557,135.305476,118.636088
9JFO_184,G,184,130.385572,135.305476,118.636087,130.385572,135.305476,118.636087,130.385572,135.305476,118.636087,130.385572,135.305476,118.636087,130.385572,135.305476,118.636087
9JFO_185,A,185,130.385572,135.305476,118.636085,130.385572,135.305476,118.636085,130.385572,135.305476,118.636085,130.385572,135.305476,118.636085,130.385572,135.305476,118.636085
9JFO_186,C,186,130.385574,135.305475,118.636085,130.385574,135.305475,118.636085,130.385574,135.305475,118.636085,130.385574,135.305475,118.636085,130.385574,135.305475,118.636085
9JFO_187,U,187,130.385575,135.305474,118.636086,130.385575,135.305474,118.636086,130.385575,135.305474,118.636086,130.385575,135.305474,118.636086,130.385575,135.305474,118.636086
9JFO_188,U,188,130.385576,135.305473,118.636087,130.385576,135.305473,118.636087,130.385576,135.305473,118.636087,130.385576,135.305473,118.636087,130.385576,135.305473,118.636087
9JFO_189,A,189,130.385577,135.305469,118.636086,130.385577,135.305469,118.636086,130.385577,135.305469,118.636086,130.385577,135.305469,118.636086,130.385577,135.305469,118.636086
9JFO_190,C,190,130.385573,135.305463,118.636087,130.385573,135.305463,118.636087,130.385573,135.305463,118.636087,130.385573,135.305463,118.636087,130.385573,135.305463,118.636087
9JFO_191,G,191,130.385563,135.305462,118.636088,130.385563,135.305462,118.636088,130.385563,135.305462,118.636088,130.385563,135.305462,118.636088,130.385563,135.305462,118.636088
9JFO_192,U,192,130.385545,135.30546,118.636083,130.385545,135.30546,118.636083,130.385545,135.30546,118.636083,130.385545,135.30546,118.636083,130.385545,135.30546,118.636083
9JFO_193,U,193,130.385549,135.305471,118.636078,130.385549,135.305471,118.636078,130.385549,135.305471,118.636078,130.385549,135.305471,118.636078,130.385549,135.305471,118.636078
9JFO_194,A,194,130.385554,135.305476,118.63607,130.385554,135.305476,118.63607,130.385554,135.305476,118.63607,130.385554,135.305476,118.63607,130.385554,135.305476,118.63607
9JFO_195,G,195,130.385563,135.305478,118.636062,130.385563,135.305478,118.636062,130.385563,135.305478,118.636062,130.385563,135.305478,118.636062,130.385563,135.305478,118.636062
9E75_1,G,1,110.074968,108.685298,107.339623,110.074968,108.685298,107.339623,110.074968,108.685298,107.339623,110.074968,108.685298,107.339623,110.074968,108.685298,107.339623
9E75_2,G,2,110.074968,108.685298,107.339623,110.074968,108.685298,107.339623,110.074968,108.685298,107.339623,110.074968,108.685298,107.339623,110.074968,108.685298,107.339623
9E75_3,U,3,107.094483,101.832478,105.259921,107.094483,101.832478,105.259921,107.094483,101.832478,105.259921,107.094483,101.832478,105.259921,107.094483,101.832478,105.259921
9E75_4,A,4,112.099826,101.711561,105.408779,112.099826,101.711561,105.408779,112.099826,101.711561,105.408779,112.099826,101.711561,105.408779,112.099826,101.711561,105.408779
9E75_5,A,5,115.81073,104.023485,106.355228,115.81073,104.023485,106.355228,115.81073,104.023485,106.355228,115.81073,104.023485,106.355228,115.81073,104.023485,106.355228
9E75_6,G,6,118.113279,107.623943,109.067655,118.113279,107.623943,109.067655,118.113279,107.623943,109.067655,118.113279,107.623943,109.067655,118.113279,107.623943,109.067655
9E75_7,G,7,117.596182,110.936652,112.342652,117.596182,110.936652,112.342652,117.596182,110.936652,112.342652,117.596182,110.936652,112.342652,117.596182,110.936652,112.342652
9E75_8,U,8,115.352537,113.338539,115.6626,115.352537,113.338539,115.6626,115.352537,113.338539,115.6626,115.352537,113.338539,115.6626,115.352537,113.338539,115.6626
9E75_9,C,9,112.061248,113.245131,117.766847,112.061248,113.245131,117.766847,112.061248,113.245131,117.766847,112.061248,113.245131,117.766847,112.061248,113.245131,117.766847
9E75_10,A,10,108.525178,111.49258,118.081429,108.525178,111.49258,118.081429,108.525178,111.49258,118.081429,108.525178,111.49258,118.081429,108.525178,111.49258,118.081429
9E75_11,U,11,104.823917,108.973972,116.48887,104.823917,108.973972,116.48887,104.823917,108.973972,116.48887,104.823917,108.973972,116.48887,104.823917,108.973972,116.48887
9E75_12,G,12,105.047304,106.402574,116.401788,105.047304,106.402574,116.401788,105.047304,106.402574,116.401788,105.047304,106.402574,116.401788,105.047304,106.402574,116.401788
9E75_13,U,13,103.666638,103.624283,113.94035,103.666638,103.624283,113.94035,103.666638,103.624283,113.94035,103.666638,103.624283,113.94035,103.666638,103.624283,113.94035
9E75_14,U,14,104.333552,101.469489,114.891867,104.333552,101.469489,114.891867,104.333552,101.469489,114.891867,104.333552,101.469489,114.891867,104.333552,101.469489,114.891867
9E75_15,C,15,107.404771,99.441415,120.183159,107.404771,99.441415,120.183159,107.404771,99.441415,120.183159,107.404771,99.441415,120.183159,107.404771,99.441415,120.183159
9E75_16,G,16,106.153588,102.098937,131.23155,106.153588,102.098937,131.23155,106.153588,102.098937,131.23155,106.153588,102.098937,131.23155,106.153588,102.098937,131.23155
9E75_17,U,17,108.401382,107.28245,128.586955,108.401382,107.28245,128.586955,108.401382,107.28245,128.586955,108.401382,107.28245,128.586955,108.401382,107.28245,128.586955
9E75_18,G,18,106.598966,112.152208,130.334133,106.598966,112.152208,130.334133,106.598966,112.152208,130.334133,106.598966,112.152208,130.334133,106.598966,112.152208,130.334133
9E75_19,G,19,104.478955,116.567362,128.913352,104.478955,116.567362,128.913352,104.478955,116.567362,128.913352,104.478955,116.567362,128.913352,104.478955,116.567362,128.913352
9E75_20,U,20,102.296907,121.658468,125.937208,102.296907,121.658468,125.937208,102.296907,121.658468,125.937208,102.296907,121.658468,125.937208,102.296907,121.658468,125.937208
9E75_21,U,21,98.903974,124.510267,121.762818,98.903974,124.510267,121.762818,98.903974,124.510267,121.762818,98.903974,124.510267,121.762818,98.903974,124.510267,121.762818
9E75_22,G,22,94.651898,122.466452,119.545422,94.651898,122.466452,119.545422,94.651898,122.466452,119.545422,94.651898,122.466452,119.545422,94.651898,122.466452,119.545422
9E75_23,A,23,96.015012,115.777985,120.82546,96.015012,115.777985,120.82546,96.015012,115.777985,120.82546,96.015012,115.777985,120.82546,96.015012,115.777985,120.82546
9E75_24,A,24,91.275229,116.750219,116.440171,91.275229,116.750219,116.440171,91.275229,116.750219,116.440171,91.275229,116.750219,116.440171,91.275229,116.750219,116.440171
9E75_25,A,25,99.096581,115.087917,117.300632,99.096581,115.087917,117.300632,99.096581,115.087917,117.300632,99.096581,115.087917,117.300632,99.096581,115.087917,117.300632
9E75_26,G,26,96.372223,109.462749,114.485573,96.372223,109.462749,114.485573,96.372223,109.462749,114.485573,96.372223,109.462749,114.485573,96.372223,109.462749,114.485573
9E75_27,U,27,98.258224,104.165175,112.050961,98.258224,104.165175,112.050961,98.258224,104.165175,112.050961,98.258224,104.165175,112.050961,98.258224,104.165175,112.050961
9E75_28,C,28,102.544488,100.612981,111.239711,102.544488,100.612981,111.239711,102.544488,100.612981,111.239711,102.544488,100.612981,111.239711,102.544488,100.612981,111.239711
9E75_29,C,29,107.92505,98.762295,111.913486,107.92505,98.762295,111.913486,107.92505,98.762295,111.913486,107.92505,98.762295,111.913486,107.92505,98.762295,111.913486
9E75_30,A,30,111.962796,93.022019,114.460288,111.962796,93.022019,114.460288,111.962796,93.022019,114.460288,111.962796,93.022019,114.460288,111.962796,93.022019,114.460288
9E75_31,A,31,115.742728,89.8501,111.233139,115.742728,89.8501,111.233139,115.742728,89.8501,111.233139,115.742728,89.8501,111.233139,115.742728,89.8501,111.233139
9E75_32,G,32,111.026148,94.38324,110.471619,111.026148,94.38324,110.471619,111.026148,94.38324,110.471619,111.026148,94.38324,110.471619,111.026148,94.38324,110.471619
9E75_33,C,33,110.431643,99.728365,108.508706,110.431643,99.728365,108.508706,110.431643,99.728365,108.508706,110.431643,99.728365,108.508706,110.431643,99.728365,108.508706
9E75_34,C,34,113.668876,103.322408,106.131758,113.668876,103.322408,106.131758,113.668876,103.322408,106.131758,113.668876,103.322408,106.131758,113.668876,103.322408,106.131758
9E75_35,A,35,110.618795,108.856238,99.145437,110.618795,108.856238,99.145437,110.618795,108.856238,99.145437,110.618795,108.856238,99.145437,110.618795,108.856238,99.145437
9E75_36,G,36,109.205672,101.917539,92.734351,109.205672,101.917539,92.734351,109.205672,101.917539,92.734351,109.205672,101.917539,92.734351,109.205672,101.917539,92.734351
9E75_37,C,37,113.098285,97.978935,93.662719,113.098285,97.978935,93.662719,113.098285,97.978935,93.662719,113.098285,97.978935,93.662719,113.098285,97.978935,93.662719
9E75_38,U,38,118.154605,95.084142,94.5224,118.154605,95.084142,94.5224,118.154605,95.084142,94.5224,118.154605,95.084142,94.5224,118.154605,95.084142,94.5224
9E75_39,A,39,122.569441,95.128948,97.328245,122.569441,95.128948,97.328245,122.569441,95.128948,97.328245,122.569441,95.128948,97.328245,122.569441,95.128948,97.328245
9E75_40,C,40,126.272938,97.204873,100.893663,126.272938,97.204873,100.893663,126.272938,97.204873,100.893663,126.272938,97.204873,100.893663,126.272938,97.204873,100.893663
9E75_41,G,41,126.802544,101.11517,104.703665,126.802544,101.11517,104.703665,126.802544,101.11517,104.703665,126.802544,101.11517,104.703665,126.802544,101.11517,104.703665
9E75_42,G,42,123.951182,103.895297,108.203617,123.951182,103.895297,108.203617,123.951182,103.895297,108.203617,123.951182,103.895297,108.203617,123.951182,103.895297,108.203617
9E75_43,G,43,119.271652,105.371068,111.574889,119.271652,105.371068,111.574889,119.271652,105.371068,111.574889,119.271652,105.371068,111.574889,119.271652,105.371068,111.574889
9E75_44,C,44,114.950854,103.038251,115.25019,114.950854,103.038251,115.25019,114.950854,103.038251,115.25019,114.950854,103.038251,115.25019,114.950854,103.038251,115.25019
9E75_45,A,45,111.91512,99.190734,119.55255,111.91512,99.190734,119.55255,111.91512,99.190734,119.55255,111.91512,99.190734,119.55255,111.91512,99.190734,119.55255
9E75_46,A,46,111.21041,104.893185,125.966607,111.21041,104.893185,125.966607,111.21041,104.893185,125.966607,111.21041,104.893185,125.966607,111.21041,104.893185,125.966607
9E75_47,A,47,109.217408,104.35498,118.216284,109.217408,104.35498,118.216284,109.217408,104.35498,118.216284,109.217408,104.35498,118.216284,109.217408,104.35498,118.216284
9E75_48,G,48,114.292452,109.268149,120.513937,114.292452,109.268149,120.513937,114.292452,109.268149,120.513937,114.292452,109.268149,120.513937,114.292452,109.268149,120.513937
9E75_49,G,49,114.66948,107.222263,113.413403,114.66948,107.222263,113.413403,114.66948,107.222263,113.413403,114.66948,107.222263,113.413403,114.66948,107.222263,113.413403
9E75_50,G,50,111.308816,106.75163,109.54885,111.308816,106.75163,109.54885,111.308816,106.75163,109.54885,111.308816,106.75163,109.54885,111.308816,106.75163,109.54885
9E75_51,A,51,107.103928,105.539465,106.280782,107.103928,105.539465,106.280782,107.103928,105.539465,106.280782,107.103928,105.539465,106.280782,107.103928,105.539465,106.280782
9E75_52,U,52,101.610654,106.93178,105.309791,101.610654,106.93178,105.309791,101.610654,106.93178,105.309791,101.610654,106.93178,105.309791,101.610654,106.93178,105.309791
9E75_53,C,53,95.408186,110.271522,99.137315,95.408186,110.271522,99.137315,95.408186,110.271522,99.137315,95.408186,110.271522,99.137315,95.408186,110.271522,99.137315
9E75_54,C,54,105.980274,111.618665,108.616691,105.980274,111.618665,108.616691,105.980274,111.618665,108.616691,105.980274,111.618665,108.616691,105.980274,111.618665,108.616691
9E75_55,A,55,111.9998,111.566186,108.860979,111.9998,111.566186,108.860979,111.9998,111.566186,108.860979,111.9998,111.566186,108.860979,111.9998,111.566186,108.860979
9E75_56,C,56,114.189318,109.185743,106.844493,114.189318,109.185743,106.844493,114.189318,109.185743,106.844493,114.189318,109.185743,106.844493,114.189318,109.185743,106.844493
9E75_57,G,57,114.754257,104.57014,105.25401,114.754257,104.57014,105.25401,114.754257,104.57014,105.25401,114.754257,104.57014,105.25401,114.754257,104.57014,105.25401
9E75_58,U,58,109.786562,99.736781,102.071396,109.786562,99.736781,102.071396,109.786562,99.736781,102.071396,109.786562,99.736781,102.071396,109.786562,99.736781,102.071396
9E75_59,A,59,106.677117,98.521722,89.225847,106.677117,98.521722,89.225847,106.677117,98.521722,89.225847,106.677117,98.521722,89.225847,106.677117,98.521722,89.225847
9E75_60,A,60,111.817144,96.608377,87.444599,111.817144,96.608377,87.444599,111.817144,96.608377,87.444599,111.817144,96.608377,87.444599,111.817144,96.608377,87.444599
9E75_61,G,61,111.338669,93.316836,91.542523,111.338669,93.316836,91.542523,111.338669,93.316836,91.542523,111.338669,93.316836,91.542523,111.338669,93.316836,91.542523
9E75_62,C,62,108.068072,93.277438,96.802807,108.068072,93.277438,96.802807,108.068072,93.277438,96.802807,108.068072,93.277438,96.802807,108.068072,93.277438,96.802807
9E75_63,U,63,109.447477,107.293662,103.567825,109.447477,107.293662,103.567825,109.447477,107.293662,103.567825,109.447477,107.293662,103.567825,109.447477,107.293662,103.567825
9E75_64,G,64,113.492759,107.861167,103.434025,113.492759,107.861167,103.434025,113.492759,107.861167,103.434025,113.492759,107.861167,103.434025,113.492759,107.861167,103.434025
9E75_65,C,65,115.606883,105.340089,102.151361,115.606883,105.340089,102.151361,115.606883,105.340089,102.151361,115.606883,105.340089,102.151361,115.606883,105.340089,102.151361
9E75_66,U,66,115.300527,100.155441,100.536728,115.300527,100.155441,100.536728,115.300527,100.155441,100.536728,115.300527,100.155441,100.536728,115.300527,100.155441,100.536728
9E75_67,G,67,112.286313,97.845122,99.486048,112.286313,97.845122,99.486048,112.286313,97.845122,99.486048,112.286313,97.845122,99.486048,112.286313,97.845122,99.486048
9E75_68,C,68,111.624003,100.697597,98.477741,111.624003,100.697597,98.477741,111.624003,100.697597,98.477741,111.624003,100.697597,98.477741,111.624003,100.697597,98.477741
9E75_69,G,69,113.121306,105.750818,98.433894,113.121306,105.750818,98.433894,113.121306,105.750818,98.433894,113.121306,105.750818,98.433894,113.121306,105.750818,98.433894
9E75_70,G,70,113.359589,110.434344,101.041455,113.359589,110.434344,101.041455,113.359589,110.434344,101.041455,113.359589,110.434344,101.041455,113.359589,110.434344,101.041455
9E75_71,A,71,111.035627,112.098683,103.896691,111.035627,112.098683,103.896691,111.035627,112.098683,103.896691,111.035627,112.098683,103.896691,111.035627,112.098683,103.896691
9E75_72,G,72,107.10333,110.974185,106.161994,107.10333,110.974185,106.161994,107.10333,110.974185,106.161994,107.10333,110.974185,106.161994,107.10333,110.974185,106.161994
9E75_73,A,73,104.002232,107.14191,107.067963,104.002232,107.14191,107.067963,104.002232,107.14191,107.067963,104.002232,107.14191,107.067963,104.002232,107.14191,107.067963
9E75_74,C,74,104.497695,101.810771,107.428583,104.497695,101.810771,107.428583,104.497695,101.810771,107.428583,104.497695,101.810771,107.428583,104.497695,101.810771,107.428583
9E75_75,G,75,105.932173,97.643218,106.82165,105.932173,97.643218,106.82165,105.932173,97.643218,106.82165,105.932173,97.643218,106.82165,105.932173,97.643218,106.82165
9E75_76,G,76,109.307643,96.078031,106.276216,109.307643,96.078031,106.276216,109.307643,96.078031,106.276216,109.307643,96.078031,106.276216,109.307643,96.078031,106.276216
9E75_77,C,77,113.203508,96.406651,106.703697,113.203508,96.406651,106.703697,113.203508,96.406651,106.703697,113.203508,96.406651,106.703697,113.203508,96.406651,106.703697
9E75_78,A,78,115.464274,98.9357,107.970029,115.464274,98.9357,107.970029,115.464274,98.9357,107.970029,115.464274,98.9357,107.970029,115.464274,98.9357,107.970029
9E75_79,G,79,116.092436,102.482167,108.910328,116.092436,102.482167,108.910328,116.092436,102.482167,108.910328,116.092436,102.482167,108.910328,116.092436,102.482167,108.910328
9E75_80,U,80,115.019495,105.621614,108.747087,115.019495,105.621614,108.747087,115.019495,105.621614,108.747087,115.019495,105.621614,108.747087,115.019495,105.621614,108.747087
9E75_81,G,81,111.003336,105.620524,104.593246,111.003336,105.620524,104.593246,111.003336,105.620524,104.593246,111.003336,105.620524,104.593246,111.003336,105.620524,104.593246
9E75_82,A,82,104.925055,102.248285,92.285964,104.925055,102.248285,92.285964,104.925055,102.248285,92.285964,104.925055,102.248285,92.285964,104.925055,102.248285,92.285964
9E75_83,U,83,103.76658,107.396387,89.96923,103.76658,107.396387,89.96923,103.76658,107.396387,89.96923,103.76658,107.396387,89.96923,103.76658,107.396387,89.96923
9E75_84,C,84,99.750706,111.694058,90.012336,99.750706,111.694058,90.012336,99.750706,111.694058,90.012336,99.750706,111.694058,90.012336,99.750706,111.694058,90.012336
9E75_85,A,85,100.42707,113.434763,97.744631,100.42707,113.434763,97.744631,100.42707,113.434763,97.744631,100.42707,113.434763,97.744631,100.42707,113.434763,97.744631
9E75_86,U,86,103.55439,117.437372,99.553741,103.55439,117.437372,99.553741,103.55439,117.437372,99.553741,103.55439,117.437372,99.553741,103.55439,117.437372,99.553741
9E75_87,G,87,109.579226,118.007832,98.999915,109.579226,118.007832,98.999915,109.579226,118.007832,98.999915,109.579226,118.007832,98.999915,109.579226,118.007832,98.999915
9E75_88,G,88,111.346265,112.37706,102.405559,111.346265,112.37706,102.405559,111.346265,112.37706,102.405559,111.346265,112.37706,102.405559,111.346265,112.37706,102.405559
9E75_89,C,89,119.392918,108.723149,104.707476,119.392918,108.723149,104.707476,119.392918,108.723149,104.707476,119.392918,108.723149,104.707476,119.392918,108.723149,104.707476
9E75_90,G,90,124.707551,107.898342,101.865198,124.707551,107.898342,101.865198,124.707551,107.898342,101.865198,124.707551,107.898342,101.865198,124.707551,107.898342,101.865198
9E75_91,U,91,127.240827,105.077006,97.577019,127.240827,105.077006,97.577019,127.240827,105.077006,97.577019,127.240827,105.077006,97.577019,127.240827,105.077006,97.577019
9E75_92,A,92,126.5355,101.757688,93.181313,126.5355,101.757688,93.181313,126.5355,101.757688,93.181313,126.5355,101.757688,93.181313,126.5355,101.757688,93.181313
9E75_93,G,93,122.985124,99.541917,90.145146,122.985124,99.541917,90.145146,122.985124,99.541917,90.145146,122.985124,99.541917,90.145146,122.985124,99.541917,90.145146
9E75_94,C,94,118.028911,97.937427,87.797458,118.028911,97.937427,87.797458,118.028911,97.937427,87.797458,118.028911,97.937427,87.797458,118.028911,97.937427,87.797458
9E75_95,U,95,107.199817,103.154748,93.843853,107.199817,103.154748,93.843853,107.199817,103.154748,93.843853,107.199817,103.154748,93.843853,107.199817,103.154748,93.843853
9E75_96,U,96,102.094766,108.555968,106.740469,102.094766,108.555968,106.740469,102.094766,108.555968,106.740469,102.094766,108.555968,106.740469,102.094766,108.555968,106.740469
9E75_97,A,97,110.074968,108.685298,107.339623,110.074968,108.685298,107.339623,110.074968,108.685298,107.339623,110.074968,108.685298,107.339623,110.074968,108.685298,107.339623
9E75_98,G,98,110.074968,108.685298,107.339623,110.074968,108.685298,107.339623,110.074968,108.685298,107.339623,110.074968,108.685298,107.339623,110.074968,108.685298,107.339623
9E75_99,A,99,110.074968,108.685298,107.339623,110.074968,108.685298,107.339623,110.074968,108.685298,107.339623,110.074968,108.685298,107.339623,110.074968,108.685298,107.339623
9E75_100,A,100,110.074968,108.685298,107.339623,110.074968,108.685298,107.339623,110.074968,108.685298,107.339623,110.074968,108.685298,107.339623,110.074968,108.685298,107.339623
9E75_101,G,101,114.079396,105.275176,112.073646,114.079396,105.275176,112.073646,114.079396,105.275176,112.073646,114.079396,105.275176,112.073646,114.079396,105.275176,112.073646
9E75_102,U,102,114.526874,105.091671,106.85563,114.526874,105.091671,106.85563,114.526874,105.091671,106.85563,114.526874,105.091671,106.85563,114.526874,105.091671,106.85563
9E75_103,A,103,113.35063,106.485287,102.379193,113.35063,106.485287,102.379193,113.35063,106.485287,102.379193,113.35063,106.485287,102.379193,113.35063,106.485287,102.379193
9E75_104,A,104,109.634658,118.393375,97.571384,109.634658,118.393375,97.571384,109.634658,118.393375,97.571384,109.634658,118.393375,97.571384,109.634658,118.393375,97.571384
9E75_105,G,105,112.602456,123.126968,96.780247,112.602456,123.126968,96.780247,112.602456,123.126968,96.780247,112.602456,123.126968,96.780247,112.602456,123.126968,96.780247
9E75_106,U,106,118.962668,124.627292,95.595449,118.962668,124.627292,95.595449,118.962668,124.627292,95.595449,118.962668,124.627292,95.595449,118.962668,124.627292,95.595449
9E75_107,C,107,111.831696,128.335877,97.886777,111.831696,128.335877,97.886777,111.831696,128.335877,97.886777,111.831696,128.335877,97.886777,111.831696,128.335877,97.886777
9E75_108,C,108,111.824578,133.725061,95.019736,111.824578,133.725061,95.019736,111.824578,133.725061,95.019736,111.824578,133.725061,95.019736,111.824578,133.725061,95.019736
9E75_109,U,109,112.15358,125.598242,106.856836,112.15358,125.598242,106.856836,112.15358,125.598242,106.856836,112.15358,125.598242,106.856836,112.15358,125.598242,106.856836
9E75_110,C,110,115.978266,120.608749,109.511704,115.978266,120.608749,109.511704,115.978266,120.608749,109.511704,115.978266,120.608749,109.511704,115.978266,120.608749,109.511704
9E75_111,C,111,118.78596,118.629641,107.701665,118.78596,118.629641,107.701665,118.78596,118.629641,107.701665,118.78596,118.629641,107.701665,118.78596,118.629641,107.701665
9E75_112,G,112,119.998369,116.033787,104.741202,119.998369,116.033787,104.741202,119.998369,116.033787,104.741202,119.998369,116.033787,104.741202,119.998369,116.033787,104.741202
9E75_113,G,113,119.088238,114.837171,100.923969,119.088238,114.837171,100.923969,119.088238,114.837171,100.923969,119.088238,114.837171,100.923969,119.088238,114.837171,100.923969
9E75_114,G,114,115.634522,116.708853,98.309696,115.634522,116.708853,98.309696,115.634522,116.708853,98.309696,115.634522,116.708853,98.309696,115.634522,116.708853,98.309696
9E75_115,A,115,115.511767,116.353935,102.648815,115.511767,116.353935,102.648815,115.511767,116.353935,102.648815,115.511767,116.353935,102.648815,115.511767,116.353935,102.648815
9E75_116,A,116,111.605867,118.175525,103.959362,111.605867,118.175525,103.959362,111.605867,118.175525,103.959362,111.605867,118.175525,103.959362,111.605867,118.175525,103.959362
9E75_117,A,117,107.26469,116.286833,104.631421,107.26469,116.286833,104.631421,107.26469,116.286833,104.631421,107.26469,116.286833,104.631421,107.26469,116.286833,104.631421
9E75_118,C,118,106.333833,112.201794,105.034444,106.333833,112.201794,105.034444,106.333833,112.201794,105.034444,106.333833,112.201794,105.034444,106.333833,112.201794,105.034444
9E75_119,U,119,112.897751,107.854751,111.693153,112.897751,107.854751,111.693153,112.897751,107.854751,111.693153,112.897751,107.854751,111.693153,112.897751,107.854751,111.693153
9E75_120,C,120,110.244038,106.215518,103.324784,110.244038,106.215518,103.324784,110.244038,106.215518,103.324784,110.244038,106.215518,103.324784,110.244038,106.215518,103.324784
9E75_121,G,121,114.768082,105.862176,103.735917,114.768082,105.862176,103.735917,114.768082,105.862176,103.735917,114.768082,105.862176,103.735917,114.768082,105.862176,103.735917
9E75_122,G,122,117.939096,107.607473,106.248023,117.939096,107.607473,106.248023,117.939096,107.607473,106.248023,117.939096,107.607473,106.248023,117.939096,107.607473,106.248023
9E75_123,G,123,119.026786,111.81504,108.913841,119.026786,111.81504,108.913841,119.026786,111.81504,108.913841,119.026786,111.81504,108.913841,119.026786,111.81504,108.913841
9E75_124,U,124,110.074968,108.685298,107.339623,110.074968,108.685298,107.339623,110.074968,108.685298,107.339623,110.074968,108.685298,107.339623,110.074968,108.685298,107.339623
9E75_125,U,125,110.074968,108.685298,107.339623,110.074968,108.685298,107.339623,110.074968,108.685298,107.339623,110.074968,108.685298,107.339623,110.074968,108.685298,107.339623
9E75_126,A,126,110.074968,108.685298,107.339623,110.074968,108.685298,107.339623,110.074968,108.685298,107.339623,110.074968,108.685298,107.339623,110.074968,108.685298,107.339623
9E75_127,A,127,110.074968,108.685298,107.339623,110.074968,108.685298,107.339623,110.074968,108.685298,107.339623,110.074968,108.685298,107.339623,110.074968,108.685298,107.339623
9E75_128,G,128,109.216633,111.251829,116.996339,109.216633,111.251829,116.996339,109.216633,111.251829,116.996339,109.216633,111.251829,116.996339,109.216633,111.251829,116.996339
9E75_129,G,129,105.911663,112.334558,115.265369,105.911663,112.334558,115.265369,105.911663,112.334558,115.265369,105.911663,112.334558,115.265369,105.911663,112.334558,115.265369
9E75_130,C,130,103.358358,117.635297,108.279924,103.358358,117.635297,108.279924,103.358358,117.635297,108.279924,103.358358,117.635297,108.279924,103.358358,117.635297,108.279924
9E75_131,A,131,105.968362,124.146677,93.545894,105.968362,124.146677,93.545894,105.968362,124.146677,93.545894,105.968362,124.146677,93.545894,105.968362,124.146677,93.545894
9E75_132,A,132,103.208333,123.659327,87.263736,103.208333,123.659327,87.263736,103.208333,123.659327,87.263736,103.208333,123.659327,87.263736,103.208333,123.659327,87.263736
9E75_133,G,133,102.308095,116.170085,89.502275,102.308095,116.170085,89.502275,102.308095,116.170085,89.502275,102.308095,116.170085,89.502275,102.308095,116.170085,89.502275
9E75_134,U,134,104.364236,112.981736,85.249356,104.364236,112.981736,85.249356,104.364236,112.981736,85.249356,104.364236,112.981736,85.249356,104.364236,112.981736,85.249356
9E75_135,G,135,103.41938,101.794785,99.616209,103.41938,101.794785,99.616209,103.41938,101.794785,99.616209,103.41938,101.794785,99.616209,103.41938,101.794785,99.616209
9E75_136,U,136,107.258961,100.249067,105.526921,107.258961,100.249067,105.526921,107.258961,100.249067,105.526921,107.258961,100.249067,105.526921,107.258961,100.249067,105.526921
9E75_137,G,137,111.243824,100.313686,108.719377,111.243824,100.313686,108.719377,111.243824,100.313686,108.719377,111.243824,100.313686,108.719377,111.243824,100.313686,108.719377
9E75_138,G,138,113.925375,102.713542,110.742655,113.925375,102.713542,110.742655,113.925375,102.713542,110.742655,113.925375,102.713542,110.742655,113.925375,102.713542,110.742655
9E75_139,G,139,114.596592,106.542374,112.010858,114.596592,106.542374,112.010858,114.596592,106.542374,112.010858,114.596592,106.542374,112.010858,114.596592,106.542374,112.010858
9E75_140,G,140,111.580559,112.878286,111.945539,111.580559,112.878286,111.945539,111.580559,112.878286,111.945539,111.580559,112.878286,111.945539,111.580559,112.878286,111.945539
9E75_141,U,141,97.492655,121.82309,100.896256,97.492655,121.82309,100.896256,97.492655,121.82309,100.896256,97.492655,121.82309,100.896256,97.492655,121.82309,100.896256
9E75_142,C,142,100.850751,123.48205,100.940879,100.850751,123.48205,100.940879,100.850751,123.48205,100.940879,100.850751,123.48205,100.940879,100.850751,123.48205,100.940879
9E75_143,A,143,95.735189,121.486936,105.506323,95.735189,121.486936,105.506323,95.735189,121.486936,105.506323,95.735189,121.486936,105.506323,95.735189,121.486936,105.506323
9E75_144,A,144,96.549689,117.190964,111.454179,96.549689,117.190964,111.454179,96.549689,117.190964,111.454179,96.549689,117.190964,111.454179,96.549689,117.190964,111.454179
9E75_145,A,145,99.474784,116.264536,103.734006,99.474784,116.264536,103.734006,99.474784,116.264536,103.734006,99.474784,116.264536,103.734006,99.474784,116.264536,103.734006
9E75_146,A,146,100.874089,114.569683,111.813222,100.874089,114.569683,111.813222,100.874089,114.569683,111.813222,100.874089,114.569683,111.813222,100.874089,114.569683,111.813222
9E75_147,A,147,103.173199,120.082113,115.178845,103.173199,120.082113,115.178845,103.173199,120.082113,115.178845,103.173199,120.082113,115.178845,103.173199,120.082113,115.178845
9E75_148,C,148,106.676627,121.182841,119.647273,106.676627,121.182841,119.647273,106.676627,121.182841,119.647273,106.676627,121.182841,119.647273,106.676627,121.182841,119.647273
9E75_149,C,149,109.913112,120.640142,124.655001,109.913112,120.640142,124.655001,109.913112,120.640142,124.655001,109.913112,120.640142,124.655001,109.913112,120.640142,124.655001
9E75_150,A,150,112.557273,117.331416,128.11058,112.557273,117.331416,128.11058,112.557273,117.331416,128.11058,112.557273,117.331416,128.11058,112.557273,117.331416,128.11058
9E75_151,G,151,114.267683,112.20897,127.940193,114.267683,112.20897,127.940193,114.267683,112.20897,127.940193,114.267683,112.20897,127.940193,114.267683,112.20897,127.940193
9E75_152,G,152,115.715454,107.566468,132.621757,115.715454,107.566468,132.621757,115.715454,107.566468,132.621757,115.715454,107.566468,132.621757,115.715454,107.566468,132.621757
9E75_153,U,153,112.48638,113.827477,131.865284,112.48638,113.827477,131.865284,112.48638,113.827477,131.865284,112.48638,113.827477,131.865284,112.48638,113.827477,131.865284
9E75_154,C,154,115.608347,110.982058,114.596991,115.608347,110.982058,114.596991,115.608347,110.982058,114.596991,115.608347,110.982058,114.596991,115.608347,110.982058,114.596991
9E75_155,G,155,115.06872,108.702603,107.794714,115.06872,108.702603,107.794714,115.06872,108.702603,107.794714,115.06872,108.702603,107.794714,115.06872,108.702603,107.794714
9E75_156,A,156,113.368472,106.331352,105.292482,113.368472,106.331352,105.292482,113.368472,106.331352,105.292482,113.368472,106.331352,105.292482,113.368472,106.331352,105.292482
9E75_157,G,157,109.543688,103.716901,104.404877,109.543688,103.716901,104.404877,109.543688,103.716901,104.404877,109.543688,103.716901,104.404877,109.543688,103.716901,104.404877
9E75_158,U,158,105.835976,103.745847,105.486794,105.835976,103.745847,105.486794,105.835976,103.745847,105.486794,105.835976,103.745847,105.486794,105.835976,103.745847,105.486794
9E75_159,G,159,102.824502,105.65795,107.368999,102.824502,105.65795,107.368999,102.824502,105.65795,107.368999,102.824502,105.65795,107.368999,102.824502,105.65795,107.368999
9E75_160,G,160,101.767308,108.497736,110.189268,101.767308,108.497736,110.189268,101.767308,108.497736,110.189268,101.767308,108.497736,110.189268,101.767308,108.497736,110.189268
9E75_161,C,161,103.22672,112.185899,111.894451,103.22672,112.185899,111.894451,103.22672,112.185899,111.894451,103.22672,112.185899,111.894451,103.22672,112.185899,111.894451
9E75_162,C,162,106.316693,115.296745,112.546754,106.316693,115.296745,112.546754,106.316693,115.296745,112.546754,106.316693,115.296745,112.546754,106.316693,115.296745,112.546754
9E75_163,U,163,110.33903,116.708343,111.117142,110.33903,116.708343,111.117142,110.33903,116.708343,111.117142,110.33903,116.708343,111.117142,110.33903,116.708343,111.117142
9E75_164,U,164,113.129254,116.04836,108.103084,113.129254,116.04836,108.103084,113.129254,116.04836,108.103084,113.129254,116.04836,108.103084,113.129254,116.04836,108.103084
9E75_165,G,165,113.852974,113.777052,103.276213,113.852974,113.777052,103.276213,113.852974,113.777052,103.276213,113.852974,113.777052,103.276213,113.852974,113.777052,103.276213
9G4R_1,C,1,11.692539,45.187046,22.511489,11.692539,45.187046,22.511489,11.692539,45.187046,22.511489,11.692539,45.187046,22.511489,11.692539,45.187046,22.511489
9G4R_2,C,2,13.29251,43.465983,26.579294,13.29251,43.465983,26.579294,13.29251,43.465983,26.579294,13.29251,43.465983,26.579294,13.29251,43.465983,26.579294
9G4R_3,C,3,17.431703,48.326587,28.054081,17.431703,48.326587,28.054081,17.431703,48.326587,28.054081,17.431703,48.326587,28.054081,17.431703,48.326587,28.054081
9G4R_4,U,4,13.099075,49.563941,27.003449,13.099075,49.563941,27.003449,13.099075,49.563941,27.003449,13.099075,49.563941,27.003449,13.099075,49.563941,27.003449
9G4R_5,A,5,8.276821,47.722538,28.227906,8.276821,47.722538,28.227906,8.276821,47.722538,28.227906,8.276821,47.722538,28.227906,8.276821,47.722538,28.227906
9G4R_6,C,6,4.790453,44.946677,31.121242,4.790453,44.946677,31.121242,4.790453,44.946677,31.121242,4.790453,44.946677,31.121242,4.790453,44.946677,31.121242
9G4R_7,A,7,0.477716,48.242538,37.056595,0.477716,48.242538,37.056595,0.477716,48.242538,37.056595,0.477716,48.242538,37.056595,0.477716,48.242538,37.056595
9G4R_8,G,8,0.613017,54.970023,36.460442,0.613017,54.970023,36.460442,0.613017,54.970023,36.460442,0.613017,54.970023,36.460442,0.613017,54.970023,36.460442
9G4R_9,A,9,-4.907212,57.545323,39.678736,-4.907212,57.545323,39.678736,-4.907212,57.545323,39.678736,-4.907212,57.545323,39.678736,-4.907212,57.545323,39.678736
9G4R_10,C,10,1.734743,59.394141,35.62379,1.734743,59.394141,35.62379,1.734743,59.394141,35.62379,1.734743,59.394141,35.62379,1.734743,59.394141,35.62379
9G4R_11,G,11,-1.272999,60.911957,34.924712,-1.272999,60.911957,34.924712,-1.272999,60.911957,34.924712,-1.272999,60.911957,34.924712,-1.272999,60.911957,34.924712
9G4R_12,G,12,-4.423174,61.593074,34.519434,-4.423174,61.593074,34.519434,-4.423174,61.593074,34.519434,-4.423174,61.593074,34.519434,-4.423174,61.593074,34.519434
9G4R_13,A,13,-6.905839,62.487546,34.27013,-6.905839,62.487546,34.27013,-6.905839,62.487546,34.27013,-6.905839,62.487546,34.27013,-6.905839,62.487546,34.27013
9G4R_14,U,14,-11.230943,69.576499,37.477549,-11.230943,69.576499,37.477549,-11.230943,69.576499,37.477549,-11.230943,69.576499,37.477549,-11.230943,69.576499,37.477549
9G4R_15,U,15,-10.00993,64.99768,43.363866,-10.00993,64.99768,43.363866,-10.00993,64.99768,43.363866,-10.00993,64.99768,43.363866,-10.00993,64.99768,43.363866
9G4R_16,G,16,-5.976489,60.616681,45.151233,-5.976489,60.616681,45.151233,-5.976489,60.616681,45.151233,-5.976489,60.616681,45.151233,-5.976489,60.616681,45.151233
9G4R_17,A,17,-13.664828,60.461378,48.817724,-13.664828,60.461378,48.817724,-13.664828,60.461378,48.817724,-13.664828,60.461378,48.817724,-13.664828,60.461378,48.817724
9G4R_18,A,18,-17.769314,57.409374,48.211635,-17.769314,57.409374,48.211635,-17.769314,57.409374,48.211635,-17.769314,57.409374,48.211635,-17.769314,57.409374,48.211635
9G4R_19,C,19,-18.933341,55.376306,43.895019,-18.933341,55.376306,43.895019,-18.933341,55.376306,43.895019,-18.933341,55.376306,43.895019,-18.933341,55.376306,43.895019
9G4R_20,G,20,-18.472443,53.821451,38.248929,-18.472443,53.821451,38.248929,-18.472443,53.821451,38.248929,-18.472443,53.821451,38.248929,-18.472443,53.821451,38.248929
9G4R_21,G,21,-13.571546,47.969362,37.464299,-13.571546,47.969362,37.464299,-13.571546,47.969362,37.464299,-13.571546,47.969362,37.464299,-13.571546,47.969362,37.464299
9G4R_22,C,22,-7.449375,42.819945,39.701792,-7.449375,42.819945,39.701792,-7.449375,42.819945,39.701792,-7.449375,42.819945,39.701792,-7.449375,42.819945,39.701792
9G4R_23,A,23,-3.503956,40.360782,41.271721,-3.503956,40.360782,41.271721,-3.503956,40.360782,41.271721,-3.503956,40.360782,41.271721,-3.503956,40.360782,41.271721
9G4R_24,A,24,-3.205151,39.719113,40.92087,-3.205151,39.719113,40.92087,-3.205151,39.719113,40.92087,-3.205151,39.719113,40.92087,-3.205151,39.719113,40.92087
9G4R_25,C,25,3.134602,37.522691,38.096523,3.134602,37.522691,38.096523,3.134602,37.522691,38.096523,3.134602,37.522691,38.096523,3.134602,37.522691,38.096523
9G4R_26,C,26,5.122937,37.072334,41.335043,5.122937,37.072334,41.335043,5.122937,37.072334,41.335043,5.122937,37.072334,41.335043,5.122937,37.072334,41.335043
9G4R_27,G,27,6.625751,38.404702,46.139174,6.625751,38.404702,46.139174,6.625751,38.404702,46.139174,6.625751,38.404702,46.139174,6.625751,38.404702,46.139174
9G4R_28,A,28,-0.089461,38.572606,55.491123,-0.089461,38.572606,55.491123,-0.089461,38.572606,55.491123,-0.089461,38.572606,55.491123,-0.089461,38.572606,55.491123
9G4R_29,U,29,-2.799448,44.405438,57.842328,-2.799448,44.405438,57.842328,-2.799448,44.405438,57.842328,-2.799448,44.405438,57.842328,-2.799448,44.405438,57.842328
9G4R_30,A,30,6.396789,50.890721,52.400912,6.396789,50.890721,52.400912,6.396789,50.890721,52.400912,6.396789,50.890721,52.400912,6.396789,50.890721,52.400912
9G4R_31,G,31,5.548107,55.813771,50.461813,5.548107,55.813771,50.461813,5.548107,55.813771,50.461813,5.548107,55.813771,50.461813,5.548107,55.813771,50.461813
9G4R_32,C,32,-0.072949,59.061134,53.579599,-0.072949,59.061134,53.579599,-0.072949,59.061134,53.579599,-0.072949,59.061134,53.579599,-0.072949,59.061134,53.579599
9G4R_33,G,33,-1.344824,57.008338,49.025717,-1.344824,57.008338,49.025717,-1.344824,57.008338,49.025717,-1.344824,57.008338,49.025717,-1.344824,57.008338,49.025717
9G4R_34,A,34,-1.825421,55.201409,43.554808,-1.825421,55.201409,43.554808,-1.825421,55.201409,43.554808,-1.825421,55.201409,43.554808,-1.825421,55.201409,43.554808
9G4R_35,G,35,-3.239746,50.792563,38.214314,-3.239746,50.792563,38.214314,-3.239746,50.792563,38.214314,-3.239746,50.792563,38.214314,-3.239746,50.792563,38.214314
9G4R_36,A,36,2.754876,56.114316,39.969147,2.754876,56.114316,39.969147,2.754876,56.114316,39.969147,2.754876,56.114316,39.969147,2.754876,56.114316,39.969147
9G4R_37,A,37,6.660827,53.5811,41.268654,6.660827,53.5811,41.268654,6.660827,53.5811,41.268654,6.660827,53.5811,41.268654,6.660827,53.5811,41.268654
9G4R_38,U,38,2.820512,48.6106,36.133535,2.820512,48.6106,36.133535,2.820512,48.6106,36.133535,2.820512,48.6106,36.133535,2.820512,48.6106,36.133535
9G4R_39,C,39,2.217834,48.860802,30.473236,2.217834,48.860802,30.473236,2.217834,48.860802,30.473236,2.217834,48.860802,30.473236,2.217834,48.860802,30.473236
9G4R_40,G,40,4.659763,50.721731,27.705676,4.659763,50.721731,27.705676,4.659763,50.721731,27.705676,4.659763,50.721731,27.705676,4.659763,50.721731,27.705676
9G4R_41,G,41,8.15192,52.833808,27.371895,8.15192,52.833808,27.371895,8.15192,52.833808,27.371895,8.15192,52.833808,27.371895,8.15192,52.833808,27.371895
9G4R_42,G,42,11.775795,52.901744,29.626044,11.775795,52.901744,29.626044,11.775795,52.901744,29.626044,11.775795,52.901744,29.626044,11.775795,52.901744,29.626044
9G4R_43,U,43,14.389884,50.062675,31.341255,14.389884,50.062675,31.341255,14.389884,50.062675,31.341255,14.389884,50.062675,31.341255,14.389884,50.062675,31.341255
9G4R_44,A,44,14.519482,45.047548,29.311182,14.519482,45.047548,29.311182,14.519482,45.047548,29.311182,14.519482,45.047548,29.311182,14.519482,45.047548,29.311182
9G4R_45,G,45,12.651159,43.647927,22.551574,12.651159,43.647927,22.551574,12.651159,43.647927,22.551574,12.651159,43.647927,22.551574,12.651159,43.647927,22.551574
9G4R_46,G,46,16.824773,45.677523,21.584017,16.824773,45.677523,21.584017,16.824773,45.677523,21.584017,16.824773,45.677523,21.584017,16.824773,45.677523,21.584017
9G4R_47,G,47,22.417638,47.233966,22.23305,22.417638,47.233966,22.23305,22.417638,47.233966,22.23305,22.417638,47.233966,22.23305,22.417638,47.233966,22.23305
